t,sensor_type,sensor_id,vehicle_id_oracle,global_track_id,segment_id,x,y,speed_mps,heading_rad,sigma_m,sigma_v,confidence,snr,accepted,skipped,skip_reason,update_kind,kalman_t,kalman_row_index
0.0500,Camera,cam1,veh1,T000001,seg1,-109.4964,-5.3251,15.5680,0.0373,0.2202,0.0000,0.5646,0.0000,1,0,,position+velocity,0.0500,0
0.1500,Camera,cam1,veh1,T000001,seg1,-107.9855,-5.2678,15.5680,0.0373,0.2201,0.0000,0.5695,0.0000,1,0,,position+velocity,0.1500,2
0.3000,Camera,cam1,veh1,T000001,seg1,-106.2421,-5.0608,15.5680,0.0373,0.2198,0.0000,0.5774,0.0000,1,0,,position+velocity,0.3000,5
0.4500,Camera,cam1,veh1,T000001,seg1,-103.6378,-4.6762,15.5680,0.0373,0.2184,0.0000,0.5883,0.0000,1,0,,position+velocity,0.4500,8
0.6000,Camera,cam1,veh1,T000001,seg1,-101.0360,-4.2143,15.5680,0.0373,0.2169,0.0000,0.5990,0.0000,1,0,,position+velocity,0.6000,11
0.9000,Camera,cam1,veh1,T000001,seg1,-96.2875,-5.0911,15.5680,0.0373,0.2262,0.0000,0.5792,0.0000,1,0,,position+velocity,0.9000,17
1.2500,Camera,cam1,veh1,T000001,seg1,-91.3917,-4.6210,15.5680,0.0373,0.2295,0.0000,0.5799,0.0000,1,0,,position+velocity,1.2500,24
1.4500,Camera,cam1,veh1,T000001,seg1,-87.6126,-4.1652,15.5680,0.0373,0.2331,0.0000,0.5748,0.0000,1,0,,position+velocity,1.4500,28
1.6500,Camera,cam1,veh1,T000001,seg1,-84.4999,-4.2819,15.5680,0.0373,0.2392,0.0000,0.5618,0.0000,1,0,,position+velocity,1.6500,32
2.1000,Camera,cam1,veh1,T000001,seg1,-77.8935,-5.8856,15.5680,0.0373,0.2526,0.0000,0.5349,0.0000,1,0,,position+velocity,2.1000,41
2.2500,Camera,cam1,veh1,T000001,seg1,-75.2635,-5.6827,15.5680,0.0373,0.2569,0.0000,0.5264,0.0000,1,0,,position+velocity,2.2500,44
2.8500,Camera,cam1,veh1,T000001,seg1,-66.1202,-5.3751,15.5680,0.0373,0.2693,0.0000,0.5057,0.0000,1,0,,position+velocity,2.8500,56
3.0000,Camera,cam1,veh1,T000001,seg1,-63.6522,-4.9004,15.5680,0.0373,0.2720,0.0000,0.5013,0.0000,1,0,,position+velocity,3.0000,59
3.1500,Camera,cam1,veh1,T000001,seg1,-61.2736,-6.0671,15.5680,0.0373,0.2767,0.0000,0.4920,0.0000,1,0,,position+velocity,3.1500,62
3.6000,Camera,cam1,veh1,T000001,seg1,-54.2259,-4.9787,15.5680,0.0373,0.2862,0.0000,0.4757,0.0000,1,0,,position+velocity,3.6000,71
3.9000,Camera,cam1,veh1,T000001,seg1,-49.3233,-4.9322,15.5680,0.0373,0.2928,0.0000,0.4640,0.0000,1,0,,position+velocity,3.9000,77
4.0500,Camera,cam1,veh1,T000001,seg1,-46.7828,-4.6428,15.5680,0.0373,0.2960,0.0000,0.4583,0.0000,1,0,,position+velocity,4.0500,80
4.2000,Camera,cam1,veh1,T000001,seg1,-44.7378,-4.5705,15.5680,0.0373,0.2996,0.0000,0.4519,0.0000,1,0,,position+velocity,4.2000,83
4.4000,GPS,gps1,veh1,T000001,seg1,-48.9615,-5.3846,15.5680,0.0373,3.2049,0.0000,0.3783,0.0000,1,0,,position+velocity,4.4000,87
4.6500,GPS,gps1,veh1,T000001,seg1,-44.7773,-1.8615,15.5680,0.0373,2.9805,0.0000,0.4130,0.0000,1,0,,position+velocity,4.6500,92
4.8000,Camera,cam1,veh1,T000001,seg1,-35.8444,-2.6821,15.5680,0.0373,0.3108,0.0000,0.4324,0.0000,1,0,,position+velocity,4.8000,95
4.9000,GPS,gps1,veh1,T000001,seg1,-35.9636,-7.0690,15.5680,0.0373,2.7996,0.0000,0.4436,0.0000,1,0,,position+velocity,4.9000,97
4.9500,Camera,cam1,veh1,T000001,seg1,-33.2681,-2.6643,15.5680,0.0373,0.3144,0.0000,0.4257,0.0000,1,0,,position+velocity,4.9500,98
5.1000,Camera,cam1,veh1,T000001,seg1,-30.6068,-2.1295,15.5680,0.0373,0.3183,0.0000,0.4188,0.0000,1,0,,position+velocity,5.1000,101
5.1500,GPS,gps1,veh1,T000001,seg1,-28.1078,-2.2261,15.5680,0.0373,2.6615,0.0000,0.4687,0.0000,1,0,,position+velocity,5.1500,102
5.4000,Camera,cam1,veh1,T000001,seg1,-26.2654,-0.4959,15.5680,0.0373,0.3242,0.0000,0.4081,0.0000,1,0,,position+velocity,5.4000,107
5.4000,GPS,gps1,veh1,T000001,seg1,-24.5494,-2.6432,15.5680,0.0373,2.5660,0.0000,0.4870,0.0000,1,0,,position+velocity,5.4000,107
5.5500,Camera,cam1,veh1,T000001,seg1,-23.8919,-2.0466,15.5680,0.0373,0.3288,0.0000,0.3999,0.0000,1,0,,position+velocity,5.5500,110
5.6500,GPS,gps1,veh1,T000001,seg1,-18.6085,1.2316,15.5680,0.0373,2.5122,0.0000,0.4976,0.0000,1,0,,position+velocity,5.6500,112
5.8500,Camera,cam1,veh1,T000001,seg1,-19.3147,-1.8878,15.5680,0.0373,0.3367,0.0000,0.3859,0.0000,1,0,,position+velocity,5.8500,116
5.9000,GPS,gps1,veh1,T000001,seg1,-18.2672,-1.4422,15.5680,0.0373,2.5015,0.0000,0.4997,0.0000,1,0,,position+velocity,5.9000,117
6.1500,GPS,gps1,veh1,T000001,seg1,-16.3144,-1.8552,15.5680,0.0373,2.5350,0.0000,0.4931,0.0000,1,0,,position+velocity,6.1500,122
6.4000,GPS,gps1,veh1,T000001,seg1,-11.8667,-3.2944,15.5680,0.0373,2.6075,0.0000,0.4790,0.0000,1,0,,position+velocity,6.4000,127
6.6500,GPS,gps1,veh1,T000001,seg1,-8.1267,-3.8282,15.5680,0.0373,2.7255,0.0000,0.4569,0.0000,1,0,,position+velocity,6.6500,132
6.7500,Camera,cam1,veh1,T000001,seg1,-4.9369,-2.1795,15.5680,0.0373,0.3606,0.0000,0.3453,0.0000,1,0,,position+velocity,6.7500,134
6.9000,GPS,gps1,veh1,T000001,seg1,-4.5915,-3.2552,15.5680,0.0373,2.8854,0.0000,0.4288,0.0000,1,0,,position+velocity,6.9000,137
7.0500,Camera,cam1,veh1,T000001,seg1,-1.0533,-3.1786,15.5680,0.0373,0.3685,0.0000,0.3325,0.0000,1,0,,position+velocity,7.0500,140
7.1500,GPS,gps1,veh1,T000001,seg1,-4.2482,-4.0078,15.4894,0.0373,3.0864,0.0000,0.3962,0.0000,1,0,,position+velocity,7.1500,142
7.4000,DAS,das1,veh1,T000001,seg2,4.3199,-3.2067,0.0000,-0.2487,0.5312,0.0000,0.6392,14.1756,1,0,,position,7.4000,147
7.4000,GPS,gps1,veh1,T000001,seg2,6.8058,-0.9990,15.1342,-0.2487,3.3080,0.0000,0.3635,0.0000,1,0,,position+velocity,7.4000,147
7.4500,DAS,das1,veh1,T000001,seg2,5.7368,-3.1404,28.3679,0.0468,0.5379,16.2305,0.6335,13.8270,1,0,,position+velocity,7.4500,148
7.5000,Camera,cam1,veh1,T000001,seg2,6.0485,-2.2259,15.0082,-0.2487,0.3790,0.0000,0.3153,0.0000,1,0,,position+velocity,7.5000,149
7.5000,DAS,das1,veh1,T000001,seg2,7.3676,-2.6664,33.9660,0.2829,0.4864,14.8749,0.6788,16.9076,1,0,,position+velocity,7.5000,149
7.5500,DAS,das1,veh1,T000001,seg2,7.4610,-3.4953,16.6846,-1.4586,0.4913,15.0044,0.6744,16.5689,1,0,,position+velocity,7.5500,150
7.6000,DAS,das1,veh1,T000001,seg2,8.2775,-2.9558,19.5720,0.5839,0.4947,15.0937,0.6713,16.3414,1,0,,position+velocity,7.6000,151
7.6500,DAS,das1,veh1,T000001,seg2,7.9260,-3.2729,9.4668,-2.4078,0.4861,14.8675,0.6791,16.9273,1,0,,position+velocity,7.6500,152
7.7000,DAS,das1,veh1,T000001,seg2,9.0018,-3.2862,21.5176,-0.0124,0.4478,13.8719,0.7137,19.9466,1,0,,position+velocity,7.7000,153
7.7500,DAS,das1,veh1,T000001,seg2,9.8413,-2.2992,25.9141,0.8659,0.3857,12.2876,0.7707,26.8942,1,0,,position+velocity,7.7500,154
7.8000,Camera,cam1,veh1,T000001,seg2,10.4000,-1.9848,14.6774,-0.2487,0.3866,0.0000,0.3034,0.0000,1,0,,position+velocity,7.8000,155
7.8000,DAS,das1,veh1,T000001,seg2,10.3379,-2.3522,9.9879,-0.1063,0.3447,11.2712,0.8080,33.6700,1,0,,position+velocity,7.8000,155
7.8500,DAS,das1,veh1,T000001,seg2,11.6664,-3.0206,29.7435,-0.4661,0.3554,11.5341,0.7983,31.6721,1,0,,position+velocity,7.8500,156
7.9000,DAS,das1,veh1,T000001,seg2,11.5897,-3.0269,1.5390,-3.0592,0.3910,12.4218,0.7658,26.1652,1,0,,position+velocity,7.9000,157
7.9500,DAS,das1,veh1,T000001,seg2,13.2406,-2.8993,33.1159,0.0772,0.3775,12.0838,0.7782,28.0657,1,0,,position+velocity,7.9500,158
8.0000,DAS,das1,veh1,T000001,seg2,13.9778,-3.5400,19.5356,-0.7155,0.3830,12.2200,0.7732,27.2740,1,0,,position+velocity,8.0000,159
8.0500,DAS,das1,veh1,T000001,seg2,14.1654,-3.2104,7.5841,1.0535,0.3756,12.0345,0.7800,28.3612,1,0,,position+velocity,8.0500,160
8.1000,Camera,cam1,veh1,T000001,seg2,14.5978,-4.0535,14.4076,-0.2487,0.3948,0.0000,0.2915,0.0000,1,0,,position+velocity,8.1000,161
8.1000,DAS,das1,veh1,T000001,seg2,15.0871,-3.4375,18.9864,-0.2415,0.3666,11.8118,0.7881,29.7621,1,0,,position+velocity,8.1000,161
8.1500,DAS,das1,veh1,T000001,seg2,14.7517,-4.6284,24.7449,-1.8454,0.3550,11.5244,0.7987,31.7424,1,0,,position+velocity,8.1500,162
8.2000,DAS,das1,veh1,T000001,seg2,16.5734,-4.4555,36.5993,0.0946,0.3575,11.5864,0.7964,31.2974,1,0,,position+velocity,8.2000,163
8.2500,DAS,das1,veh1,T000001,seg2,16.7933,-4.7369,7.1404,-0.9074,0.3902,12.4010,0.7666,26.2761,1,0,,position+velocity,8.2500,164
8.3000,DAS,das1,veh1,T000001,seg2,17.5203,-3.8220,23.3704,0.8993,0.3752,12.0260,0.7803,28.4129,1,0,,position+velocity,8.3000,165
8.3500,DAS,das1,veh1,T000001,seg2,18.4812,-4.1348,20.2104,-0.3147,0.3121,10.4844,0.8370,41.0662,1,0,,position+velocity,8.3500,166
8.4000,DAS,das1,veh1,T000001,seg2,19.7035,-4.7841,27.6823,-0.4883,0.3297,10.9080,0.8214,36.7885,1,0,,position+velocity,8.4000,167
8.4500,DAS,das1,veh1,T000001,seg2,19.4364,-4.6027,6.4581,2.5452,0.3033,10.2750,0.8446,43.4932,1,0,,position+velocity,8.4500,168
8.5000,Camera,cam1,veh1,T000001,seg2,20.1982,-4.5677,14.1234,-0.2487,0.4049,0.0000,0.2769,0.0000,1,0,,position+velocity,8.5000,169
8.5000,DAS,das1,veh1,T000001,seg2,20.8210,-4.5853,27.6950,0.0126,0.3000,10.1980,0.8548,47.0949,1,0,,position+velocity,8.5000,169
8.5500,DAS,das1,veh1,T000001,seg2,21.1829,-4.6852,7.5082,-0.2693,0.3000,10.1980,0.8524,46.2176,1,0,,position+velocity,8.5500,170
8.6000,DAS,das1,veh1,T000001,seg2,21.7584,-6.4947,37.9772,-1.2629,0.3444,11.2644,0.8083,33.7243,1,0,,position+velocity,8.6000,171
8.6500,DAS,das1,veh1,T000001,seg2,22.5430,-5.7087,22.2124,0.7863,0.3327,10.9790,0.8188,36.1425,1,0,,position+velocity,8.6500,172
8.7000,Camera,cam1,veh1,T000001,seg2,22.2572,-5.8279,14.0077,-0.2487,0.4102,0.0000,0.2697,0.0000,1,0,,position+velocity,8.7000,173
8.7000,DAS,das1,veh1,T000001,seg2,23.1856,-5.5372,13.3026,0.2609,0.3223,10.7285,0.8280,38.5076,1,0,,position+velocity,8.7000,173
8.7500,DAS,das1,veh1,T000001,seg2,24.0304,-6.4614,25.0427,-0.8302,0.3367,11.0775,0.8151,35.2766,1,0,,position+velocity,8.7500,174
8.8000,DAS,das1,veh1,T000001,seg2,24.3602,-5.5641,19.1197,1.2186,0.3000,10.1980,0.8625,50.1802,1,0,,position+velocity,8.8000,175
8.8500,DAS,das1,veh1,T000001,seg2,24.9774,-6.1344,16.8082,-0.7460,0.3226,10.7348,0.8278,38.4451,1,0,,position+velocity,8.8500,176
8.9000,Camera,cam1,veh1,T000001,seg2,25.7546,-6.9421,13.9067,-0.2487,0.4151,0.0000,0.2629,0.0000,1,0,,position+velocity,8.9000,177
8.9000,DAS,das1,veh1,T000001,seg2,25.5460,-6.1410,11.3724,-0.0116,0.3000,10.1980,0.8620,49.9689,1,0,,position+velocity,8.9000,177
8.9500,DAS,das1,veh1,T000001,seg2,26.7583,-6.0483,24.3155,0.0763,0.3158,10.5735,0.8337,40.1007,1,0,,position+velocity,8.9500,178
9.0000,DAS,das1,veh1,T000001,seg2,26.8232,-7.5254,29.5708,-1.5269,0.3531,11.4778,0.8004,32.0833,1,0,,position+velocity,9.0000,179
9.0500,DAS,das1,veh1,T000001,seg2,27.8276,-7.5046,20.0938,0.0207,0.3765,12.0571,0.7792,28.2251,1,0,,position+velocity,9.0500,180
9.1000,DAS,das1,veh1,T000001,seg2,28.6449,-7.3859,16.5160,0.1442,0.3576,11.5877,0.7964,31.2882,1,0,,position+velocity,9.1000,181
9.1500,DAS,das1,veh1,T000001,seg2,28.5920,-7.7333,7.0280,-1.7219,0.3439,11.2515,0.8087,33.8280,1,0,,position+velocity,9.1500,182
9.2000,Camera,cam1,veh1,T000001,seg2,28.8064,-7.3403,13.7787,-0.2487,0.4227,0.0000,0.2529,0.0000,1,0,,position+velocity,9.2000,183
9.2000,DAS,das1,veh1,T000001,seg2,29.8794,-7.7844,25.7689,-0.0396,0.3054,10.3253,0.8428,42.8891,1,0,,position+velocity,9.2000,183
9.2500,DAS,das1,veh1,T000001,seg2,30.0835,-7.4317,8.1507,1.0463,0.3539,11.4970,0.7997,31.9421,1,0,,position+velocity,9.2500,184
9.3000,Camera,cam1,veh1,T000001,seg2,31.2681,-8.6440,13.7415,-0.2487,0.4255,0.0000,0.2496,0.0000,1,0,,position+velocity,9.3000,185
9.3000,DAS,das1,veh1,T000001,seg2,31.8638,-8.0329,37.5813,-0.3257,0.3955,12.5345,0.7617,25.5768,1,0,,position+velocity,9.3000,185
9.3500,DAS,das1,veh1,T000001,seg2,31.0785,-8.7679,21.5128,-2.3893,0.4209,13.1813,0.7384,22.5756,1,0,,position+velocity,9.3500,186
9.4000,DAS,das1,veh1,T000001,seg2,32.4217,-8.4478,27.6162,0.2339,0.4442,13.7795,0.7170,20.2692,1,0,,position+velocity,9.4000,187
9.4500,DAS,das1,veh1,T000001,seg2,33.0776,-9.2953,21.4319,-0.9121,0.4014,12.6849,0.7563,24.8244,1,0,,position+velocity,9.4500,188
9.5000,DAS,das1,veh1,T000001,seg2,34.4254,-9.1266,27.1678,0.1245,0.4273,13.3439,0.7325,21.9088,1,0,,position+velocity,9.5000,189
9.5500,DAS,das1,veh1,T000001,seg2,34.2364,-8.9806,4.7765,2.4840,0.4162,13.0596,0.7427,23.0956,1,0,,position+velocity,9.5500,190
9.6000,DAS,das1,veh1,T000001,seg2,34.9356,-8.6990,15.0762,0.3829,0.4464,13.8342,0.7151,20.0771,1,0,,position+velocity,9.6000,191
9.6500,DAS,das1,veh1,T000001,seg2,34.9459,-10.3811,33.6434,-1.5647,0.4938,15.0685,0.6722,16.4052,1,0,,position+velocity,9.6500,192
9.7000,DAS,das1,veh1,T000001,seg2,36.1708,-11.4216,32.1432,-0.7041,0.5040,15.3357,0.6631,15.7493,1,0,,position+velocity,9.7000,193
9.7500,DAS,das1,veh1,T000001,seg2,36.4567,-9.9561,29.8618,1.3781,0.4884,14.9264,0.6771,16.7717,1,0,,position+velocity,9.7500,194
9.8000,DAS,das1,veh1,T000001,seg2,37.3233,-10.0749,17.4947,-0.1362,0.4675,14.3821,0.6958,18.3018,1,0,,position+velocity,9.8000,195
9.8500,DAS,das1,veh1,T000001,seg2,38.3915,-11.0730,29.2384,-0.7515,0.4608,14.2090,0.7019,18.8351,1,0,,position+velocity,9.8500,196
9.9000,Camera,cam1,veh1,T000001,seg2,38.9666,-10.3719,13.5643,-0.2487,0.4404,0.0000,0.2312,0.0000,1,0,,position+velocity,9.9000,197
9.9000,DAS,das1,veh1,T000001,seg2,38.4703,-9.7950,25.6083,1.5092,0.4449,13.7961,0.7164,20.2107,1,0,,position+velocity,9.9000,197
9.9500,DAS,das1,veh1,T000001,seg2,39.7250,-11.0299,35.2085,-0.7775,0.4566,14.0986,0.7058,19.1882,1,0,,position+velocity,9.9500,198
10.0000,Camera,cam1,veh1,T000001,seg2,40.6852,-10.6961,13.5411,-0.2487,0.4427,0.0000,0.2283,0.0000,1,0,,position+velocity,10.0000,199
10.0000,DAS,das1,veh1,T000001,seg2,40.4007,-10.9541,13.5993,0.1117,0.4161,13.0584,0.7428,23.1009,1,0,,position+velocity,10.0000,199
10.0500,DAS,das1,veh1,T000001,seg2,41.2257,-11.3207,18.0553,-0.4181,0.4359,13.5643,0.7247,21.0540,1,0,,position+velocity,10.0500,200
10.1000,DAS,das1,veh1,T000001,seg2,41.3262,-11.3204,2.0106,0.0023,0.4007,12.6676,0.7569,24.9091,1,0,,position+velocity,10.1000,201
10.1500,DAS,das1,veh1,T000001,seg2,42.4657,-11.9403,25.9443,-0.4982,0.4882,14.9234,0.6772,16.7795,1,0,,position+velocity,10.1500,202
10.2000,DAS,das1,veh1,T000001,seg2,42.7703,-11.6573,8.3154,0.7488,0.5068,15.4102,0.6606,15.5737,1,0,,position+velocity,10.2000,203
10.2500,DAS,das1,veh1,T000001,seg2,43.0125,-12.1221,10.4827,-1.0904,0.5355,16.1681,0.6355,13.9491,1,0,,position+velocity,10.2500,204
10.3000,Camera,cam1,veh1,T000001,seg2,44.1805,-12.4439,13.4804,-0.2487,0.4503,0.0000,0.2198,0.0000,1,0,,position+velocity,10.3000,205
10.3000,DAS,das1,veh1,T000001,seg2,44.0938,-11.9863,21.7962,0.1249,0.5246,15.8806,0.6450,14.5327,1,0,,position+velocity,10.3000,205
10.3500,DAS,das1,veh1,T000001,seg2,43.9034,-13.1911,24.3951,-1.7276,0.5224,15.8215,0.6469,14.6574,1,0,,position+velocity,10.3500,206
10.4000,DAS,das1,veh1,T000001,seg2,45.0604,-12.5809,26.1618,0.4853,0.5254,15.9009,0.6443,14.4903,1,0,,position+velocity,10.4000,207
10.4500,DAS,das1,veh1,T000001,seg2,46.5082,-11.9569,31.5311,0.4069,0.4935,15.0614,0.6724,16.4233,1,0,,position+velocity,10.4500,208
10.5000,DAS,das1,veh1,T000001,seg2,46.7361,-13.1472,24.2372,-1.3817,0.5757,17.2375,0.6014,12.0695,1,0,,position+velocity,10.5000,209
10.5500,DAS,das1,veh1,T000001,seg2,47.0851,-14.0000,18.4297,-1.1824,0.5745,17.2055,0.6024,12.1199,1,0,,position+velocity,10.5500,210
10.6000,DAS,das1,veh1,T000001,seg2,46.7711,-14.5479,12.6293,-2.0912,0.6048,18.0161,0.5776,10.9372,1,0,,position+velocity,10.6000,211
10.6500,DAS,das1,veh1,T000001,seg2,48.7203,-14.1788,39.6771,0.1871,0.5527,16.6257,0.6207,13.0926,1,0,,position+velocity,10.6500,212
10.7000,Camera,cam1,veh1,T000001,seg2,49.4130,-14.5022,13.4165,-0.2487,0.4598,0.0000,0.2091,0.0000,1,0,,position+velocity,10.7000,213
10.7000,DAS,das1,veh1,T000001,seg2,49.5112,-13.7494,17.9975,0.4974,0.5230,15.8364,0.6464,14.6258,1,0,,position+velocity,10.7000,213
10.7500,DAS,das1,veh1,T000001,seg2,49.5956,-14.8319,21.7153,-1.4929,0.5082,15.4474,0.6594,15.4873,1,0,,position+velocity,10.7500,214
10.8000,DAS,das1,veh1,T000001,seg2,50.4901,-13.9304,25.3995,0.7893,0.5272,15.9472,0.6428,14.3941,1,0,,position+velocity,10.8000,215
10.8500,DAS,das1,veh1,T000001,seg2,50.9555,-14.6050,16.3894,-0.9669,0.5441,16.3951,0.6281,13.5135,1,0,,position+velocity,10.8500,216
10.9000,Camera,cam1,veh1,T000001,seg2,51.1848,-13.8331,13.3905,-0.2487,0.4644,0.0000,0.2040,0.0000,1,0,,position+velocity,10.9000,217
10.9000,DAS,das1,veh1,T000001,seg2,51.8456,-14.1449,20.0403,0.4770,0.5008,15.2516,0.6660,15.9513,1,0,,position+velocity,10.9000,217
10.9500,DAS,das1,veh1,T000001,seg2,52.6682,-15.0648,24.6805,-0.8412,0.5016,15.2744,0.6652,15.8962,1,0,,position+velocity,10.9500,218
11.0000,DAS,das1,veh1,T000001,seg2,53.3331,-14.3151,20.0426,0.8453,0.4595,14.1738,0.7031,18.9465,1,0,,position+velocity,11.0000,219
11.0500,DAS,das1,veh1,T000001,seg2,54.6334,-14.3273,26.0058,-0.0094,0.4740,14.5509,0.6900,17.8046,1,0,,position+velocity,11.0500,220
11.1000,DAS,das1,veh1,T000001,seg2,54.6836,-14.7498,8.5097,-1.4524,0.4510,13.9536,0.7109,19.6676,1,0,,position+velocity,11.1000,221
11.1500,DAS,das1,veh1,T000001,seg2,55.5162,-14.5265,17.2411,0.2620,0.4520,13.9796,0.7099,19.5804,1,0,,position+velocity,11.1500,222
11.2000,DAS,das1,veh1,T000001,seg2,55.8608,-15.2396,15.8413,-1.1207,0.4798,14.7027,0.6847,17.3753,1,0,,position+velocity,11.2000,223
11.2500,DAS,das1,veh1,T000001,seg2,56.2479,-16.0538,18.0302,-1.1270,0.5221,15.8124,0.6472,14.6767,1,0,,position+velocity,11.2500,224
11.3000,DAS,das1,veh1,T000001,seg2,57.0656,-16.3828,17.6276,-0.3825,0.5294,16.0061,0.6408,14.2733,1,0,,position+velocity,11.3000,225
11.3500,DAS,das1,veh1,T000001,seg2,57.4345,-15.9393,11.5371,0.8770,0.4685,14.4092,0.6949,18.2206,1,0,,position+velocity,11.3500,226
11.4000,DAS,das1,veh1,T000001,seg2,58.0259,-15.2238,18.5657,0.8800,0.4399,13.6668,0.7210,20.6742,1,0,,position+velocity,11.4000,227
11.4500,DAS,das1,veh1,T000001,seg2,60.2405,-17.8556,68.7909,-0.8713,0.5219,15.8088,0.6473,14.6844,1,0,,position+velocity,11.4500,228
11.5000,DAS,das1,veh1,T000001,seg2,60.0177,-14.9977,57.3303,1.6486,0.5541,16.6608,0.6196,13.0302,1,0,,position+velocity,11.5000,229
11.5500,DAS,das1,veh1,T000001,seg2,61.4985,-17.1383,52.0571,-0.9656,0.5636,16.9152,0.6115,12.5923,1,0,,position+velocity,11.5500,230
11.6000,DAS,das1,veh1,T000001,seg2,61.3711,-15.4988,32.8879,1.6483,0.5502,16.5570,0.6229,13.2158,1,0,,position+velocity,11.6000,231
11.6500,DAS,das1,veh1,T000001,seg2,60.7699,-18.2999,57.2976,-1.7822,0.5309,16.0451,0.6395,14.1941,1,0,,position+velocity,11.6500,232
11.7000,DAS,das1,veh1,T000001,seg2,61.7310,-16.6188,38.7291,1.0514,0.5035,15.3229,0.6636,15.7797,1,0,,position+velocity,11.7000,233
11.7500,DAS,das1,veh1,T000001,seg2,63.2419,-16.7224,30.2894,-0.0685,0.4955,15.1140,0.6707,16.2904,1,0,,position+velocity,11.7500,234
11.8000,DAS,das1,veh1,T000001,seg2,63.2084,-17.1596,8.7704,-1.6474,0.5159,15.6497,0.6526,15.0296,1,0,,position+velocity,11.8000,235
11.8500,DAS,das1,veh1,T000001,seg2,63.8772,-17.1948,13.3951,-0.0525,0.4966,15.1431,0.6697,16.2178,1,0,,position+velocity,11.8500,236
11.9000,DAS,das1,veh1,T000001,seg2,65.0375,-18.8426,40.3066,-0.9573,0.5302,16.0286,0.6401,14.2275,1,0,,position+velocity,11.9000,237
11.9500,DAS,das1,veh1,T000001,seg2,66.0245,-17.6630,30.7606,0.8740,0.4911,14.9972,0.6746,16.5874,1,0,,position+velocity,11.9500,238
12.0000,DAS,das1,veh1,T000001,seg2,65.4892,-19.2829,34.1198,-1.8900,0.5147,15.6175,0.6537,15.1011,1,0,,position+velocity,12.0000,239
