t,global_track_id,vehicle_id_oracle,segment_id,update_kind,true_x,true_y,true_distance_m,gps_x,gps_y,gps_distance_m,cam_x,cam_y,cam_distance_m,das_x,das_y,das_fiber_position_m,das_distance_m,x_hat,y_hat,vx_hat,vy_hat,ax_hat,ay_hat,distance_hat_m,sigma_pos_m,sigma_vel_mps,pos_err_m
0.0500,T000001,veh1,seg1,position+velocity,-109.5448,-5.5218,0.0000,,,,-109.4964,-5.3251,0.0000,,,,,-109.4971,-5.3278,15.5572,0.5805,0.0000,0.0000,0.0000,0.2911,1.2829,0.1998
0.1000,T000001,veh1,seg1,prediction_only,-108.7784,-5.1879,0.8360,,,,,,,,,,,-108.7192,-5.2988,15.5572,0.5805,0.0000,0.0000,0.7784,0.2981,1.2877,0.1256
0.1500,T000001,veh1,seg1,position+velocity,-107.9883,-5.4848,1.6800,,,,-107.9855,-5.2678,1.6800,,,,,-107.9646,-5.2687,15.5319,0.5816,-0.0015,0.0001,1.5336,0.2119,0.9947,0.2174
0.2000,T000001,veh1,seg1,prediction_only,-107.2188,-5.2339,2.4895,,,,,,,,,,,-107.1880,-5.2396,15.5318,0.5816,-0.0015,0.0001,2.3107,0.2287,1.0209,0.0312
0.2500,T000001,veh1,seg1,prediction_only,-106.4462,-5.0634,3.2806,,,,,,,,,,,-106.4115,-5.2106,15.5317,0.5816,-0.0015,0.0001,3.0878,0.2552,1.0723,0.1512
0.3000,T000001,veh1,seg1,position+velocity,-105.6585,-5.2972,4.1022,,,,-106.2421,-5.0608,3.2806,,,,,-105.9138,-5.1259,14.9484,0.6986,-0.2126,0.0436,3.5926,0.1963,0.8486,0.3074
0.3500,T000001,veh1,seg1,prediction_only,-104.8820,-5.2309,4.8815,,,,,,,,,,,-105.1667,-5.0910,14.9378,0.7007,-0.2126,0.0436,4.3406,0.2207,0.9255,0.3172
0.4000,T000001,veh1,seg1,prediction_only,-104.1140,-4.9395,5.7030,,,,,,,,,,,-104.4200,-5.0559,14.9272,0.7029,-0.2126,0.0436,5.0880,0.2523,1.0315,0.3274
0.4500,T000001,veh1,seg1,position+velocity,-103.3395,-4.8197,6.4867,,,,-103.6378,-4.6762,6.4867,,,,,-103.6350,-4.8669,15.1273,1.0527,0.2597,0.2812,5.8955,0.1929,0.8284,0.2993
0.5000,T000001,veh1,seg1,prediction_only,-102.5693,-4.5851,7.2918,,,,,,,,,,,-102.8783,-4.8139,15.1403,1.0667,0.2597,0.2812,6.6540,0.2199,0.9472,0.3845
0.5500,T000001,veh1,seg1,prediction_only,-101.7936,-4.4989,8.0723,,,,,,,,,,,-102.1210,-4.7602,15.1533,1.0808,0.2597,0.2812,7.4133,0.2547,1.0899,0.4189
0.6000,T000001,veh1,seg1,position+velocity,-101.0268,-4.1739,8.9052,,,,-101.0360,-4.2143,8.9052,,,,,-101.1958,-4.4967,15.6764,1.5368,1.0855,0.5821,8.3752,0.1913,0.8551,0.3644
0.6500,T000001,veh1,seg1,prediction_only,-100.2534,-4.0252,9.6927,,,,,,,,,,,-100.4106,-4.4191,15.7307,1.5659,1.0855,0.5821,9.1642,0.2202,0.9888,0.4241
0.7000,T000001,veh1,seg1,prediction_only,-99.4750,-4.0096,10.4713,,,,,,,,,,,-99.6228,-4.3401,15.7850,1.5950,1.0855,0.5821,9.9561,0.2579,1.1419,0.3620
0.7500,T000001,veh1,seg1,prediction_only,-98.6930,-4.0919,11.2576,,,,,,,,,,,-98.8321,-4.2596,15.8393,1.6241,1.0855,0.5821,10.7508,0.3052,1.3151,0.2179
0.8000,T000001,veh1,seg1,prediction_only,-97.9012,-4.4369,12.1213,,,,,,,,,,,-98.0388,-4.1777,15.8936,1.6532,1.0855,0.5821,11.5483,0.3628,1.5082,0.2935
0.8500,T000001,veh1,seg1,prediction_only,-97.1168,-4.5819,12.9189,,,,,,,,,,,-97.2428,-4.0943,15.9478,1.6823,1.0855,0.5821,12.3487,0.4313,1.7203,0.5037
0.9000,T000001,veh1,seg1,position+velocity,-96.3242,-4.9484,13.7922,,,,-96.2875,-5.0911,13.7922,,,,,-96.3717,-4.7346,16.1110,-0.4059,1.0933,-2.6542,13.4298,0.2330,0.9300,0.2190
0.9500,T000001,veh1,seg1,prediction_only,-95.5378,-5.1487,14.6037,,,,,,,,,,,-95.5648,-4.7582,16.1656,-0.5386,1.0933,-2.6542,14.2371,0.2674,1.0449,0.3914
1.0000,T000001,veh1,seg1,prediction_only,-94.7665,-4.9440,15.4017,,,,,,,,,,,-94.7552,-4.7885,16.2203,-0.6713,1.0933,-2.6542,15.0473,0.3094,1.1744,0.1559
1.0500,T000001,veh1,seg1,prediction_only,-93.9918,-4.8308,16.1847,,,,,,,,,,,-93.9428,-4.8254,16.2749,-0.8040,1.0933,-2.6542,15.8605,0.3594,1.3218,0.0493
1.1000,T000001,veh1,seg1,prediction_only,-93.2286,-4.4080,17.0571,,,,,,,,,,,-93.1277,-4.8689,16.3296,-0.9367,1.0933,-2.6542,16.6768,0.4178,1.4886,0.4718
1.1500,T000001,veh1,seg1,prediction_only,-92.4486,-4.4358,17.8376,,,,,,,,,,,-92.3098,-4.9190,16.3843,-1.0694,1.0933,-2.6542,17.4962,0.4853,1.6748,0.5028
1.2000,T000001,veh1,seg1,prediction_only,-91.6852,-4.0197,18.7071,,,,,,,,,,,-91.4892,-4.9758,16.4389,-1.2021,1.0933,-2.6542,18.3187,0.5625,1.8801,0.9761
1.2500,T000001,veh1,seg1,position+velocity,-90.9009,-4.1628,19.5043,,,,-91.3917,-4.6210,18.7071,,,,,-91.2242,-4.6440,15.0860,-0.1243,-0.7248,-0.7968,18.7434,0.2522,0.8786,0.5797
1.3000,T000001,veh1,seg1,prediction_only,-90.1341,-3.8374,20.3373,,,,,,,,,,,-90.4708,-4.6512,15.0497,-0.1642,-0.7248,-0.7968,19.4968,0.2835,0.9742,0.8807
1.3500,T000001,veh1,seg1,prediction_only,-89.3473,-4.0497,21.1523,,,,,,,,,,,-89.7192,-4.6604,15.0135,-0.2040,-0.7248,-0.7968,20.2485,0.3211,1.0849,0.7150
1.4000,T000001,veh1,seg1,prediction_only,-88.5763,-3.8365,21.9522,,,,,,,,,,,-88.9694,-4.6716,14.9772,-0.2439,-0.7248,-0.7968,20.9983,0.3656,1.2149,0.9230
1.4500,T000001,veh1,seg1,position+velocity,-87.7924,-3.9704,22.7475,,,,-87.6126,-4.1652,22.7475,,,,,-87.8456,-4.3492,15.8660,0.5937,0.4769,0.4249,22.1675,0.2327,0.8399,0.3825
1.5000,T000001,veh1,seg1,prediction_only,-87.0017,-4.2834,23.5978,,,,,,,,,,,-87.0517,-4.3190,15.8898,0.6149,0.4769,0.4249,22.9619,0.2614,0.9415,0.0614
1.5500,T000001,veh1,seg1,prediction_only,-86.2224,-4.2941,24.3772,,,,,,,,,,,-86.2566,-4.2878,15.9136,0.6362,0.4769,0.4249,23.7576,0.2968,1.0604,0.0348
1.6000,T000001,veh1,seg1,prediction_only,-85.4484,-4.1622,25.1624,,,,,,,,,,,-85.4604,-4.2554,15.9375,0.6574,0.4769,0.4249,24.5546,0.3394,1.2000,0.0940
1.6500,T000001,veh1,seg1,position+velocity,-84.6589,-4.4435,26.0005,,,,-84.4999,-4.2819,26.0005,,,,,-84.5947,-4.2578,16.0525,0.5800,0.4648,0.2754,25.4202,0.2315,0.8673,0.1965
1.7000,T000001,veh1,seg1,prediction_only,-83.8860,-4.2820,26.7901,,,,,,,,,,,-83.7915,-4.2284,16.0757,0.5938,0.4648,0.2754,26.2240,0.2617,0.9776,0.1086
1.7500,T000001,veh1,seg1,prediction_only,-83.0901,-4.7381,27.7075,,,,,,,,,,,-82.9871,-4.1984,16.0989,0.6076,0.4648,0.2754,27.0289,0.2990,1.1050,0.5494
1.8000,T000001,veh1,seg1,prediction_only,-82.3117,-4.7227,28.4860,,,,,,,,,,,-82.1816,-4.1677,16.1222,0.6213,0.4648,0.2754,27.8350,0.3441,1.2523,0.5700
1.8500,T000001,veh1,seg1,prediction_only,-81.5332,-4.7094,29.2646,,,,,,,,,,,-81.3749,-4.1363,16.1454,0.6351,0.4648,0.2754,28.6423,0.3977,1.4203,0.5946
1.9000,T000001,veh1,seg1,prediction_only,-80.7544,-4.7070,30.0434,,,,,,,,,,,-80.5671,-4.1042,16.1687,0.6489,0.4648,0.2754,29.4508,0.4604,1.6087,0.6313
1.9500,T000001,veh1,seg1,prediction_only,-79.9721,-4.7970,30.8309,,,,,,,,,,,-79.7580,-4.0714,16.1919,0.6626,0.4648,0.2754,30.2605,0.5330,1.8167,0.7565
2.0000,T000001,veh1,seg1,prediction_only,-79.1802,-5.1435,31.6953,,,,,,,,,,,-78.9479,-4.0379,16.2151,0.6764,0.4648,0.2754,31.0713,0.6164,2.0432,1.1298
2.0500,T000001,veh1,seg1,prediction_only,-78.3901,-5.4432,32.5403,,,,,,,,,,,-78.1365,-4.0037,16.2384,0.6902,0.4648,0.2754,31.8834,0.7115,2.2871,1.4617
2.1000,T000001,veh1,seg1,position+velocity,-77.6098,-5.4787,33.3214,,,,-77.8935,-5.8856,33.3214,,,,,-77.7731,-5.3519,15.2036,-2.2323,-0.8320,-2.9351,33.2796,0.2926,0.9370,0.2067
2.1500,T000001,veh1,seg1,prediction_only,-76.8252,-5.6307,34.1206,,,,,,,,,,,-77.0140,-5.4672,15.1620,-2.3791,-0.8320,-2.9351,34.0475,0.3264,1.0294,0.2497
2.2000,T000001,veh1,seg1,prediction_only,-76.0425,-5.7322,34.9099,,,,,,,,,,,-76.2569,-5.5898,15.1204,-2.5258,-0.8320,-2.9351,34.8144,0.3664,1.1358,0.2574
2.2500,T000001,veh1,seg1,position+velocity,-75.2606,-5.8121,35.6959,,,,-75.2635,-5.6827,35.6959,,,,,-75.3585,-5.5673,15.4429,-1.8868,-0.3356,-1.3145,35.7131,0.2552,0.8656,0.2636
2.3000,T000001,veh1,seg1,prediction_only,-74.4673,-6.1969,36.5776,,,,,,,,,,,-74.5868,-5.6633,15.4261,-1.9525,-0.3356,-1.3145,36.4908,0.2845,0.9656,0.5468
2.3500,T000001,veh1,seg1,prediction_only,-73.6875,-6.2187,37.3577,,,,,,,,,,,-73.8159,-5.7626,15.4093,-2.0183,-0.3356,-1.3145,37.2680,0.3203,1.0839,0.4738
2.4000,T000001,veh1,seg1,prediction_only,-72.9097,-6.1897,38.1361,,,,,,,,,,,-73.0459,-5.8651,15.3925,-2.0840,-0.3356,-1.3145,38.0449,0.3632,1.2232,0.3520
2.4500,T000001,veh1,seg1,prediction_only,-72.1469,-5.7560,39.0135,,,,,,,,,,,-72.2766,-5.9710,15.3758,-2.1497,-0.3356,-1.3145,38.8213,0.4140,1.3845,0.2511
2.5000,T000001,veh1,seg1,prediction_only,-71.3717,-5.6556,39.7952,,,,,,,,,,,-71.5083,-6.0801,15.3590,-2.2154,-0.3356,-1.3145,39.5974,0.4734,1.5674,0.4460
2.5500,T000001,veh1,seg1,prediction_only,-70.5966,-5.5537,40.5770,,,,,,,,,,,-70.7407,-6.1925,15.3422,-2.2812,-0.3356,-1.3145,40.3731,0.5423,1.7708,0.6549
2.6000,T000001,veh1,seg1,prediction_only,-69.8060,-5.8654,41.4268,,,,,,,,,,,-69.9741,-6.3082,15.3254,-2.3469,-0.3356,-1.3145,41.1485,0.6218,1.9935,0.4737
2.6500,T000001,veh1,seg1,prediction_only,-69.0351,-5.6487,42.2275,,,,,,,,,,,-69.2082,-6.4272,15.3087,-2.4126,-0.3356,-1.3145,41.9235,0.7126,2.2341,0.7975
2.7000,T000001,veh1,seg1,prediction_only,-68.2611,-5.5175,43.0126,,,,,,,,,,,-68.4432,-6.5495,15.2919,-2.4783,-0.3356,-1.3145,42.6983,0.8158,2.4915,1.0479
2.7500,T000001,veh1,seg1,prediction_only,-67.4883,-5.3526,43.8028,,,,,,,,,,,-67.6790,-6.6750,15.2751,-2.5441,-0.3356,-1.3145,43.4727,0.9320,2.7646,1.3361
2.8000,T000001,veh1,seg1,prediction_only,-66.7186,-5.1046,44.6114,,,,,,,,,,,-66.9157,-6.8039,15.2583,-2.6098,-0.3356,-1.3145,44.2468,1.0621,3.0525,1.7107
2.8500,T000001,veh1,seg1,position+velocity,-65.9290,-5.3898,45.4510,,,,-66.1202,-5.3751,45.4510,,,,,-66.1092,-5.5256,15.3701,0.3827,-0.1600,2.1046,45.7582,0.3353,0.9595,0.2257
2.9000,T000001,veh1,seg1,prediction_only,-65.1560,-5.2303,46.2402,,,,,,,,,,,-65.3409,-5.5039,15.3621,0.4879,-0.1600,2.1046,46.5268,0.3685,1.0425,0.3302
2.9500,T000001,veh1,seg1,prediction_only,-64.3874,-4.9546,47.0568,,,,,,,,,,,-64.5730,-5.4769,15.3541,0.5931,-0.1600,2.1046,47.2952,0.4073,1.1391,0.5543
3.0000,T000001,veh1,seg1,position+velocity,-63.6039,-5.0768,47.8498,,,,-63.6522,-4.9004,47.8498,,,,,-63.7156,-5.1594,15.5392,1.1972,0.0631,2.5347,48.2095,0.2803,0.8829,0.1389
3.0500,T000001,veh1,seg1,prediction_only,-62.8184,-5.2533,48.6549,,,,,,,,,,,-62.9385,-5.0964,15.5423,1.3239,0.0631,2.5347,48.9891,0.3087,0.9769,0.1977
3.1000,T000001,veh1,seg1,prediction_only,-62.0376,-5.3010,49.4371,,,,,,,,,,,-62.1613,-5.0270,15.5455,1.4507,0.0631,2.5347,49.7694,0.3433,1.0892,0.3006
3.1500,T000001,veh1,seg1,position+velocity,-61.2481,-5.5842,50.2759,,,,-61.2736,-6.0671,50.2759,,,,,-61.3345,-5.4851,15.6488,0.3673,0.1732,0.9691,50.7147,0.2634,0.9071,0.1314
3.2000,T000001,veh1,seg1,prediction_only,-60.4822,-5.2364,51.1171,,,,,,,,,,,-60.5518,-5.4655,15.6574,0.4157,0.1732,0.9691,51.4976,0.2931,1.0195,0.2395
3.2500,T000001,veh1,seg1,prediction_only,-59.6944,-5.4723,51.9394,,,,,,,,,,,-59.7687,-5.4435,15.6661,0.4642,0.1732,0.9691,52.2810,0.3301,1.1506,0.0797
3.3000,T000001,veh1,seg1,prediction_only,-58.9082,-5.6672,52.7494,,,,,,,,,,,-58.9852,-5.4191,15.6747,0.5126,0.1732,0.9691,53.0649,0.3751,1.3023,0.2598
3.3500,T000001,veh1,seg1,prediction_only,-58.1321,-5.5910,53.5293,,,,,,,,,,,-58.2013,-5.3922,15.6834,0.5611,0.1732,0.9691,53.8493,0.4288,1.4750,0.2104
3.4000,T000001,veh1,seg1,prediction_only,-57.3566,-5.4980,54.3103,,,,,,,,,,,-57.4169,-5.3630,15.6920,0.6095,0.1732,0.9691,54.6342,0.4921,1.6683,0.1478
3.4500,T000001,veh1,seg1,prediction_only,-56.5746,-5.5802,55.0966,,,,,,,,,,,-56.6321,-5.3313,15.7007,0.6580,0.1732,0.9691,55.4197,0.5658,1.8810,0.2554
3.5000,T000001,veh1,seg1,prediction_only,-55.8100,-5.1967,55.9520,,,,,,,,,,,-55.8468,-5.2972,15.7094,0.7064,0.1732,0.9691,56.2057,0.6507,2.1122,0.1070
3.5500,T000001,veh1,seg1,prediction_only,-55.0423,-4.8954,56.7767,,,,,,,,,,,-55.0611,-5.2606,15.7180,0.7549,0.1732,0.9691,56.9922,0.7476,2.3605,0.3657
3.6000,T000001,veh1,seg1,position+velocity,-54.2577,-5.0481,57.5761,,,,-54.2259,-4.9787,57.5761,,,,,-54.2518,-5.0698,15.7488,1.0846,0.1640,1.2335,57.8237,0.3422,1.0637,0.0225
3.6500,T000001,veh1,seg1,prediction_only,-53.4882,-4.7938,58.3865,,,,,,,,,,,-53.4641,-5.0140,15.7570,1.1463,0.1640,1.2335,58.6133,0.3811,1.1649,0.2216
3.7000,T000001,veh1,seg1,prediction_only,-52.7107,-4.7558,59.1649,,,,,,,,,,,-52.6761,-4.9552,15.7652,1.2079,0.1640,1.2335,59.4036,0.4267,1.2789,0.2023
3.7500,T000001,veh1,seg1,prediction_only,-51.9531,-4.1818,60.1153,,,,,,,,,,,-51.8876,-4.8933,15.7734,1.2696,0.1640,1.2335,60.1945,0.4793,1.4098,0.7144
3.8000,T000001,veh1,seg1,prediction_only,-51.1809,-4.0014,60.9084,,,,,,,,,,,-51.0987,-4.8282,15.7816,1.3313,0.1640,1.2335,60.9860,0.5393,1.5596,0.8309
3.8500,T000001,veh1,seg1,prediction_only,-50.3922,-4.2647,61.7399,,,,,,,,,,,-50.3094,-4.7601,15.7898,1.3929,0.1640,1.2335,61.7783,0.6072,1.7293,0.5022
3.9000,T000001,veh1,seg1,position+velocity,-49.5960,-4.7275,62.6609,,,,-49.3233,-4.9322,62.6609,,,,,-49.4093,-4.8880,15.9791,0.9391,0.2959,0.5415,62.6875,0.3405,1.0296,0.2462
3.9500,T000001,veh1,seg1,prediction_only,-48.8173,-4.7194,63.4395,,,,,,,,,,,-48.6099,-4.8404,15.9939,0.9662,0.2959,0.5415,63.4882,0.3769,1.1292,0.2401
4.0000,T000001,veh1,seg1,prediction_only,-48.0415,-4.6347,64.2199,,,,,,,,,,,-47.8099,-4.7914,16.0087,0.9933,0.2959,0.5415,64.2898,0.4199,1.2429,0.2797
4.0500,T000001,veh1,seg1,position+velocity,-47.2672,-4.5121,65.0040,,,,-46.7828,-4.6428,65.7905,,,,,-46.9185,-4.7115,16.1354,1.0168,0.3011,0.4369,65.1847,0.3047,0.9810,0.4017
4.1000,T000001,veh1,seg1,prediction_only,-46.4935,-4.3701,65.7905,,,,,,,,,,,-46.1114,-4.6601,16.1504,1.0386,0.3011,0.4369,65.9935,0.3377,1.0894,0.4798
4.1500,T000001,veh1,seg1,prediction_only,-45.7141,-4.3839,66.5701,,,,,,,,,,,-45.3035,-4.6077,16.1655,1.0605,0.3011,0.4369,66.8031,0.3778,1.2148,0.4676
4.2000,T000001,veh1,seg1,position+velocity,-44.9329,-4.4443,67.3536,,,,-44.7378,-4.5705,67.3536,,,,,-44.6242,-4.5809,15.8238,0.9557,-0.2558,0.1683,67.4829,0.2926,1.0030,0.3376
4.2500,T000001,veh1,seg1,prediction_only,-44.1677,-4.0746,68.2034,,,,,,,,,,,-43.8333,-4.5329,15.8110,0.9641,-0.2558,0.1683,68.2752,0.3267,1.1243,0.5674
4.3000,T000001,veh1,seg1,prediction_only,-43.3888,-4.0747,68.9824,,,,,,,,,,,-43.0431,-4.4845,15.7982,0.9726,-0.2558,0.1683,69.0669,0.3686,1.2629,0.5361
4.3500,T000001,veh1,seg1,prediction_only,-42.6162,-3.9050,69.7734,,,,,,,,,,,-42.2535,-4.4357,15.7854,0.9810,-0.2558,0.1683,69.8580,0.4189,1.4206,0.6428
4.4000,T000001,veh1,seg1,position+velocity,-41.8542,-3.4493,70.6612,-48.9615,-5.3846,63.4395,,,,,,,,-41.5295,-4.4139,15.5971,0.8908,-0.5224,-0.0160,70.5824,0.4434,1.3878,1.0178
4.4500,T000001,veh1,seg1,prediction_only,-41.0819,-3.2713,71.4538,,,,,,,,,,,-40.7503,-4.3693,15.5710,0.8900,-0.5224,-0.0160,71.3628,0.5017,1.5309,1.1470
4.5000,T000001,veh1,seg1,prediction_only,-40.3081,-3.1344,72.2396,,,,,,,,,,,-39.9724,-4.3249,15.5448,0.8892,-0.5224,-0.0160,72.1420,0.5683,1.6866,1.2369
4.5500,T000001,veh1,seg1,prediction_only,-39.5273,-3.1833,73.0219,,,,,,,,,,,-39.1958,-4.2804,15.5187,0.8884,-0.5224,-0.0160,72.9199,0.6435,1.8571,1.1461
4.6000,T000001,veh1,seg1,prediction_only,-38.7555,-2.9935,73.8168,,,,,,,,,,,-38.4205,-4.2360,15.4926,0.8876,-0.5224,-0.0160,73.6964,0.7277,2.0435,1.2868
4.6500,T000001,veh1,seg1,position+velocity,-37.9884,-2.6766,74.6468,-44.7773,-1.8615,68.2034,,,,,,,,-37.7868,-4.1806,15.1792,0.8769,-0.8294,-0.0798,74.3325,0.6764,1.7011,1.5174
4.7000,T000001,veh1,seg1,prediction_only,-37.2085,-2.7010,75.4270,,,,,,,,,,,-37.0289,-4.1368,15.1377,0.8729,-0.8294,-0.0798,75.0917,0.7517,1.8402,1.4471
4.7500,T000001,veh1,seg1,prediction_only,-36.4312,-2.6578,76.2055,,,,,,,,,,,-36.2731,-4.0933,15.0962,0.8690,-0.8294,-0.0798,75.8488,0.8343,1.9898,1.4441
4.8000,T000001,veh1,seg1,position+velocity,-35.6642,-2.3372,77.0368,,,,-35.8444,-2.6821,77.0368,,,,,-35.7217,-3.0999,14.7986,2.4228,-0.8664,1.0466,76.9850,0.3971,1.1396,0.7649
4.8500,T000001,veh1,seg1,prediction_only,-34.8772,-2.5542,77.8532,,,,,,,,,,,-34.9828,-2.9775,14.7552,2.4751,-0.8664,1.0466,77.7339,0.4341,1.2623,0.4362
4.9000,T000001,veh1,seg1,position+velocity,-34.1082,-2.2857,78.6677,-35.9636,-7.0690,76.2055,,,,,,,,-34.2192,-3.0074,14.8751,1.9894,-0.5016,0.0609,78.4981,0.4483,1.2195,0.7302
4.9500,T000001,veh1,seg1,position+velocity,-33.3309,-2.2433,79.4462,,,,-33.2681,-2.6643,79.4462,,,,,-33.3528,-2.8401,15.1575,1.8742,-0.0347,-0.5166,79.3805,0.3326,1.0452,0.5972
5.0000,T000001,veh1,seg1,prediction_only,-32.5415,-2.5232,80.2837,,,,,,,,,,,-32.5950,-2.7470,15.1558,1.8484,-0.0347,-0.5166,80.1440,0.3626,1.1795,0.2301
5.0500,T000001,veh1,seg1,prediction_only,-31.7533,-2.7720,81.1103,,,,,,,,,,,-31.8372,-2.6552,15.1540,1.8225,-0.0347,-0.5166,80.9073,0.4010,1.3356,0.1438
5.1000,T000001,veh1,seg1,position+velocity,-30.9931,-2.2686,82.0220,,,,-30.6068,-2.1295,82.0220,,,,,-30.8685,-2.4287,15.6317,1.8457,0.6498,-0.8668,81.9022,0.3169,1.1436,0.2028
5.1500,T000001,veh1,seg1,position+velocity,-30.2139,-2.2761,82.8013,-28.1078,-2.2261,84.3859,,,,,,,,-30.0757,-2.3846,15.6675,1.5191,0.6202,-1.5652,82.6962,0.3347,1.1323,0.1757
5.2000,T000001,veh1,seg1,prediction_only,-29.4439,-2.0374,83.6075,,,,,,,,,,,-29.2915,-2.3106,15.6986,1.4409,0.6202,-1.5652,83.4839,0.3713,1.2821,0.3129
5.2500,T000001,veh1,seg1,prediction_only,-28.6660,-2.0082,84.3859,,,,,,,,,,,-28.5058,-2.2406,15.7296,1.3626,0.6202,-1.5652,84.2727,0.4172,1.4521,0.2822
5.3000,T000001,veh1,seg1,prediction_only,-27.9008,-1.6395,85.2353,,,,,,,,,,,-27.7186,-2.1744,15.7606,1.2844,0.6202,-1.5652,85.0627,0.4735,1.6422,0.5651
5.3500,T000001,veh1,seg1,prediction_only,-27.1369,-1.2375,86.0985,,,,,,,,,,,-26.9298,-2.1121,15.7916,1.2061,0.6202,-1.5652,85.8540,0.5410,1.8515,0.8988
5.4000,T000001,veh1,seg1,position+velocity,-26.3606,-1.1673,86.8780,-24.5494,-2.6432,88.5752,-26.2654,-0.4959,86.8780,,,,,-26.2053,-1.3919,15.6166,2.1862,0.2649,-0.8752,86.8755,0.3433,1.1110,0.2731
5.4500,T000001,veh1,seg1,prediction_only,-25.5646,-1.6238,87.7956,,,,,,,,,,,-25.4241,-1.2837,15.6299,2.1425,0.2649,-0.8752,87.6642,0.3791,1.2417,0.3679
5.5000,T000001,veh1,seg1,prediction_only,-24.7883,-1.5519,88.5752,,,,,,,,,,,-24.6423,-1.1777,15.6431,2.0987,0.2649,-0.8752,88.4531,0.4233,1.3874,0.4017
5.5500,T000001,veh1,seg1,position+velocity,-24.0052,-1.6649,89.3664,,,,-23.8919,-2.0466,89.3664,,,,,-23.8770,-1.5335,15.6062,0.8865,0.1828,-2.5836,89.2971,0.3340,1.1587,0.1836
5.6000,T000001,veh1,seg1,prediction_only,-23.2326,-1.4944,90.1576,,,,,,,,,,,-23.0964,-1.4924,15.6153,0.7573,0.1828,-2.5836,90.0787,0.3728,1.2942,0.1362
5.6500,T000001,veh1,seg1,position+velocity,-22.4543,-1.4780,90.9361,-18.6085,1.2316,94.9186,,,,,,,,-22.2770,-1.4298,15.6925,0.6779,0.2396,-2.5417,90.9005,0.3825,1.1965,0.1837
5.7000,T000001,veh1,seg1,prediction_only,-21.6742,-1.5075,91.7167,,,,,,,,,,,-21.4921,-1.3991,15.7045,0.5508,0.2396,-2.5417,91.6861,0.4260,1.3310,0.2119
5.7500,T000001,veh1,seg1,prediction_only,-20.8910,-1.6214,92.5081,,,,,,,,,,,-20.7066,-1.3748,15.7165,0.4237,0.2396,-2.5417,92.4720,0.4776,1.4823,0.3080
5.8000,T000001,veh1,seg1,prediction_only,-20.1153,-1.5345,93.2887,,,,,,,,,,,-19.9205,-1.3567,15.7284,0.2966,0.2396,-2.5417,93.2583,0.5380,1.6518,0.2638
5.8500,T000001,veh1,seg1,position+velocity,-19.3249,-1.8423,94.1369,,,,-19.3147,-1.8878,94.1369,,,,,-19.2315,-1.5920,15.5099,-0.2879,-0.0689,-2.9638,93.9864,0.3799,1.2370,0.2671
5.9000,T000001,veh1,seg1,position+velocity,-18.5444,-1.8844,94.9186,-18.2672,-1.4422,94.9186,,,,,,,,-18.4506,-1.5452,15.5254,-0.1384,-0.0336,-2.3359,94.7686,0.3901,1.1569,0.3520
5.9500,T000001,veh1,seg1,prediction_only,-17.7570,-2.1116,95.7381,,,,,,,,,,,-17.6744,-1.5550,15.5238,-0.2552,-0.0336,-2.3359,95.5449,0.4304,1.2894,0.5627
6.0000,T000001,veh1,seg1,prediction_only,-16.9729,-2.2477,96.5339,,,,,,,,,,,-16.8982,-1.5707,15.5221,-0.3720,-0.0336,-2.3359,96.3212,0.4784,1.4412,0.6811
6.0500,T000001,veh1,seg1,prediction_only,-16.1929,-2.2778,97.3145,,,,,,,,,,,-16.1222,-1.5922,15.5204,-0.4888,-0.0336,-2.3359,97.0976,0.5349,1.6130,0.6892
6.1000,T000001,veh1,seg1,prediction_only,-15.4105,-2.3706,98.1024,,,,,,,,,,,-15.3462,-1.6196,15.5187,-0.6056,-0.0336,-2.3359,97.8740,0.6008,1.8046,0.7538
6.1500,T000001,veh1,seg1,position+velocity,-14.6230,-2.6003,98.9227,-16.3144,-1.8552,97.3145,,,,,,,,-14.6071,-1.4971,15.4553,-0.1666,-0.0827,-1.3107,98.6232,0.5586,1.4427,1.1033
6.2000,T000001,veh1,seg1,prediction_only,-13.8537,-2.3410,99.7345,,,,,,,,,,,-13.8345,-1.5070,15.4511,-0.2322,-0.0827,-1.3107,99.3959,0.6152,1.5808,0.8342
6.2500,T000001,veh1,seg1,prediction_only,-13.0752,-2.3301,100.5131,,,,,,,,,,,-13.0620,-1.5203,15.4470,-0.2977,-0.0827,-1.3107,100.1685,0.6793,1.7317,0.8099
6.3000,T000001,veh1,seg1,prediction_only,-12.2922,-2.4387,101.3036,,,,,,,,,,,-12.2898,-1.5368,15.4429,-0.3633,-0.0827,-1.3107,100.9409,0.7515,1.8978,0.9019
6.3500,T000001,veh1,seg1,prediction_only,-11.5266,-2.0802,102.1489,,,,,,,,,,,-11.5177,-1.5566,15.4387,-0.4288,-0.0827,-1.3107,101.7132,0.8325,2.0801,0.5237
6.4000,T000001,veh1,seg1,position+velocity,-10.7502,-2.0112,102.9283,-11.8667,-3.2944,101.3036,,,,,,,,-10.7675,-1.4659,15.4250,-0.0876,-0.0489,-0.6119,102.4689,0.7285,1.5700,0.5456
6.4500,T000001,veh1,seg1,prediction_only,-9.9728,-1.9718,103.7068,,,,,,,,,,,-9.9963,-1.4711,15.4226,-0.1182,-0.0489,-0.6119,103.2401,0.7906,1.6959,0.5013
6.5000,T000001,veh1,seg1,prediction_only,-9.1934,-1.9844,104.4863,,,,,,,,,,,-9.2252,-1.4777,15.4201,-0.1488,-0.0489,-0.6119,104.0112,0.8593,1.8336,0.5076
6.5500,T000001,veh1,seg1,prediction_only,-8.4038,-2.2685,105.3254,,,,,,,,,,,-8.4543,-1.4859,15.4177,-0.1794,-0.0489,-0.6119,104.7822,0.9350,1.9857,0.7842
6.6000,T000001,veh1,seg1,prediction_only,-7.6283,-2.1776,106.1063,,,,,,,,,,,-7.6835,-1.4957,15.4152,-0.2100,-0.0489,-0.6119,105.5531,1.0184,2.1538,0.6842
6.6500,T000001,veh1,seg1,position+velocity,-6.8413,-2.3927,106.9221,-8.1267,-3.8282,105.3254,,,,,,,,-6.9454,-1.4706,15.3987,-0.0195,-0.0091,-0.1936,106.2915,0.8878,1.6368,0.9280
6.7000,T000001,veh1,seg1,prediction_only,-6.0559,-2.5653,107.7262,,,,,,,,,,,-6.1755,-1.4718,15.3983,-0.0292,-0.0091,-0.1936,107.0615,0.9507,1.7550,1.1000
6.7500,T000001,veh1,seg1,position+velocity,-5.2764,-2.5807,108.5059,,,,-4.9369,-2.1795,108.5059,,,,,-5.0743,-1.9389,15.8167,-0.4947,0.2354,-0.2342,108.2576,0.5110,1.2703,0.6729
6.8000,T000001,veh1,seg1,prediction_only,-4.4976,-2.5775,109.2847,,,,,,,,,,,-4.2832,-1.9639,15.8284,-0.5064,0.2354,-0.2342,109.0492,0.5450,1.3969,0.6500
6.8500,T000001,veh1,seg1,prediction_only,-3.7290,-2.2992,110.1021,,,,,,,,,,,-3.4914,-1.9895,15.8402,-0.5181,0.2354,-0.2342,109.8413,0.5867,1.5393,0.3903
6.9000,T000001,veh1,seg1,position+velocity,-2.9411,-2.5407,110.9263,-4.5915,-3.2552,109.2847,,,,,,,,-2.7539,-1.9602,15.7196,-0.2420,0.0437,0.3216,110.5795,0.5912,1.4161,0.6099
6.9500,T000001,veh1,seg1,prediction_only,-2.1719,-2.2797,111.7385,,,,,,,,,,,-1.9678,-1.9719,15.7218,-0.2259,0.0437,0.3216,111.3656,0.6363,1.5520,0.3693
7.0000,T000001,veh1,seg1,prediction_only,-1.3849,-2.4949,112.5544,,,,,,,,,,,-1.1817,-1.9828,15.7240,-0.2099,0.0437,0.3216,112.1518,0.6894,1.7028,0.5509
7.0500,T000001,veh1,seg1,position+velocity,-0.5965,-2.7484,113.3825,,,,-1.0533,-3.1786,113.3825,,,,,-0.7579,-2.6051,15.1633,-0.9704,-0.4832,-0.1541,112.9047,0.4701,1.3751,0.2158
7.1000,T000001,veh1,seg1,prediction_only,0.1709,-2.4387,114.2101,,,,,,,,,,,-0.0003,-2.6539,15.1391,-0.9781,-0.4832,-0.1541,113.6639,0.5094,1.5191,0.2750
7.1500,T000001,veh1,seg1,position+velocity,0.9467,-2.4062,114.9865,-4.2482,-4.0078,109.2847,,,,,,,,0.7176,-2.6357,15.1096,-0.6280,-0.4054,0.5557,114.3820,0.5259,1.4517,0.3242
7.2000,T000001,veh1,seg1,prediction_only,1.7299,-2.6762,115.8149,,,,,,,,,,,1.4726,-2.6664,15.0893,-0.6002,-0.4054,0.5557,115.1376,0.5734,1.5987,0.2575
7.2500,T000001,veh1,seg1,prediction_only,2.4921,-2.4858,116.6006,,,,,,,,,,,2.2265,-2.6957,15.0690,-0.5725,-0.4054,0.5557,115.8921,0.6303,1.7613,0.3386
7.3000,T000001,veh1,seg1,prediction_only,3.2664,-2.7138,117.4078,,,,,,,,,,,2.9795,-2.7237,15.0488,-0.5447,-0.4054,0.5557,116.6456,0.6971,1.9406,0.2871
7.3500,T000001,veh1,seg1,prediction_only,4.0181,-2.4301,118.2113,,,,,,,,,,,3.7314,-2.7502,15.0285,-0.5169,-0.4054,0.5557,117.3980,0.7746,2.1372,0.4297
7.4000,T000001,veh1,seg2,position+velocity,4.5040,-2.4677,118.6987,6.8058,-0.9990,120.2856,,,,4.3199,-3.2067,0.2421,118.6987,4.3954,-3.1426,14.7991,-1.6229,-0.6893,-1.2297,118.1693,0.4990,1.5390,0.6836
7.4500,T000001,veh1,seg2,position+velocity,5.2247,-2.6977,119.4552,,,,,,,5.7368,-3.1404,0.9972,120.2856,5.3865,-3.1888,15.3331,-1.5981,0.0412,-1.1146,119.1615,0.4264,1.5250,0.5171
7.5000,T000001,veh1,seg2,position+velocity,6.0402,-2.5413,120.2856,,,,6.0485,-2.2259,120.2856,7.3676,-2.6664,1.7492,121.7816,6.4736,-2.9025,15.9348,-1.1634,0.6530,-0.9001,120.2856,0.3166,1.3267,0.5642
7.5500,T000001,veh1,seg2,position+velocity,6.7578,-2.7585,121.0353,,,,,,,7.4610,-3.4953,2.4981,121.7816,7.3106,-3.1109,16.0070,-1.6444,0.6335,-1.5843,121.1481,0.3048,1.4048,0.6556
7.6000,T000001,veh1,seg2,position+velocity,7.4750,-2.9647,121.7816,,,,,,,8.2775,-2.9558,3.2440,122.5271,8.1535,-3.1251,16.1638,-1.4648,0.8314,-1.1132,121.9912,0.3023,1.4811,0.6972
7.6500,T000001,veh1,seg2,position+velocity,8.2099,-3.0903,122.5271,,,,,,,7.9260,-3.2729,3.9872,122.5271,8.6664,-3.2237,15.1155,-1.6206,-1.1432,-1.3096,122.5134,0.3034,1.5442,0.4756
7.7000,T000001,veh1,seg2,position+velocity,8.9920,-3.0184,123.3125,,,,,,,9.0018,-3.2862,4.7275,123.3125,9.2958,-3.2983,14.6360,-1.6499,-1.8480,-1.2354,123.1473,0.2982,1.5705,0.4131
7.7500,T000001,veh1,seg2,position+velocity,9.8117,-2.7875,124.1641,,,,,,,9.8413,-2.2992,5.4652,124.1641,9.9552,-2.9172,14.2887,0.2072,-2.2948,2.5178,123.9088,0.2777,1.5390,0.1933
7.8000,T000001,veh1,seg2,position+velocity,10.5933,-2.6965,124.9510,,,,10.4000,-1.9848,124.9510,10.3379,-2.3522,6.2004,124.9510,10.5168,-2.6831,13.6067,0.7225,-3.3182,2.4027,124.5173,0.2291,1.3215,0.0777
7.8500,T000001,veh1,seg2,position+velocity,11.2854,-2.9479,125.6873,,,,,,,11.6664,-3.0206,6.9330,125.6873,11.3642,-2.7849,14.2148,0.1845,-1.6530,0.9507,125.3707,0.2274,1.3721,0.1811
7.9000,T000001,veh1,seg2,position+velocity,11.9332,-3.3640,126.4572,,,,,,,11.5897,-3.0269,7.6633,125.6873,11.9174,-2.8461,13.3759,-0.0825,-3.3887,0.2878,125.9273,0.2374,1.4404,0.5181
7.9500,T000001,veh1,seg2,position+velocity,12.6614,-3.4538,127.1909,,,,,,,13.2406,-2.8993,8.3912,127.9176,12.8229,-2.8621,14.3977,-0.1099,-0.6073,0.2242,126.8330,0.2432,1.4732,0.6133
8.0000,T000001,veh1,seg2,position+velocity,13.3556,-3.6685,127.9176,,,,,,,13.9778,-3.5400,9.1169,128.6428,13.6857,-3.1070,15.0283,-1.2596,0.8495,-2.4544,127.7299,0.2495,1.4951,0.6514
8.0500,T000001,veh1,seg2,position+velocity,14.0693,-3.7974,128.6428,,,,,,,14.1654,-3.2104,9.8404,128.6428,14.3246,-3.1737,14.4944,-1.3467,-0.5430,-2.2924,128.3722,0.2520,1.4949,0.6740
8.1000,T000001,veh1,seg2,position+velocity,14.7836,-3.9156,129.3668,,,,14.5978,-4.0535,129.3668,15.0871,-3.4375,10.5618,129.3668,15.0121,-3.4238,14.2941,-2.3901,-0.9402,-4.5859,129.1039,0.2264,1.3178,0.5423
8.1500,T000001,veh1,seg2,position+velocity,15.5004,-4.0156,130.0906,,,,,,,14.7517,-4.6284,11.2812,129.3668,15.3730,-3.9371,12.5955,-4.4273,-4.7556,-8.7420,129.7313,0.2290,1.3526,0.1497
8.2000,T000001,veh1,seg2,position+velocity,16.1915,-4.2089,130.8082,,,,,,,16.5734,-4.4555,11.9986,131.5579,16.2253,-4.2536,13.5023,-5.2024,-1.9209,-9.4036,130.6405,0.2323,1.3831,0.0560
8.2500,T000001,veh1,seg2,position+velocity,16.8300,-4.6018,131.5579,,,,,,,16.7933,-4.7369,12.7141,131.5579,16.8546,-4.5885,13.1712,-5.9601,-2.5422,-10.0591,131.3533,0.2434,1.4346,0.0280
8.3000,T000001,veh1,seg2,position+velocity,17.5469,-4.6782,132.2789,,,,,,,17.5203,-3.8220,13.4278,132.2789,17.5157,-4.4956,13.0770,-4.5081,-2.4517,-5.3372,132.0210,0.2476,1.4498,0.1853
8.3500,T000001,veh1,seg2,position+velocity,18.3433,-4.4347,133.1117,,,,,,,18.4812,-4.1348,14.1397,133.1117,18.3198,-4.4629,13.6915,-3.5788,-0.6828,-2.6342,132.8257,0.2291,1.3798,0.0368
8.4000,T000001,veh1,seg2,position+velocity,19.0019,-4.7266,133.8321,,,,,,,19.7035,-4.7841,14.8500,134.5635,19.2894,-4.7134,15.0373,-4.0776,2.6415,-3.6007,133.8272,0.2253,1.3757,0.2878
8.4500,T000001,veh1,seg2,position+velocity,19.7333,-4.7253,134.5635,,,,,,,19.4364,-4.6027,15.5585,134.5635,19.7517,-4.7731,13.6692,-3.5122,-1.1539,-1.7484,134.2933,0.2147,1.3444,0.0512
8.5000,T000001,veh1,seg2,position+velocity,20.4384,-4.8208,135.2751,,,,20.1982,-4.5677,135.2751,20.8210,-4.5853,16.2655,135.2751,20.5779,-4.7886,14.3475,-2.8411,0.6971,0.0115,135.1196,0.1941,1.2227,0.1431
8.5500,T000001,veh1,seg2,position+velocity,21.1175,-5.0127,135.9807,,,,,,,21.1829,-4.6852,16.9709,135.9807,21.2450,-4.8412,14.0988,-2.4150,-0.0670,1.0202,135.7887,0.1948,1.2548,0.2137
8.6000,T000001,veh1,seg2,position+velocity,21.7152,-5.5192,136.7641,,,,,,,21.7584,-6.4947,17.6748,136.7641,21.8902,-5.4558,13.7938,-4.9260,-0.8214,-5.5126,136.6799,0.2075,1.3192,0.1862
8.6500,T000001,veh1,seg2,position+velocity,22.4158,-5.6143,137.4711,,,,,,,22.5430,-5.7087,18.3773,137.4711,22.5696,-5.6770,13.7170,-4.9448,-0.8861,-4.6587,137.3944,0.2143,1.3432,0.1662
8.7000,T000001,veh1,seg2,position+velocity,23.1128,-5.7180,138.1758,,,,22.2572,-5.8279,137.4711,23.1856,-5.5372,19.0783,138.1758,23.1652,-5.7611,13.2527,-4.2710,-1.8628,-2.2787,137.9959,0.2010,1.2332,0.0679
8.7500,T000001,veh1,seg2,position+velocity,23.7666,-5.9860,138.8825,,,,,,,24.0304,-6.4614,19.7781,138.8825,23.8952,-6.1492,13.5032,-5.2537,-1.0164,-4.4695,138.8226,0.2093,1.2782,0.2077
8.8000,T000001,veh1,seg2,position+velocity,24.5352,-5.7970,139.6740,,,,,,,24.3602,-5.5641,20.4765,139.6740,24.4744,-6.0380,12.9674,-3.5563,-2.2600,0.4040,139.4124,0.2043,1.2652,0.2486
8.8500,T000001,veh1,seg2,position+velocity,25.1431,-6.2355,140.4236,,,,,,,24.9774,-6.1344,21.1736,140.4236,25.0698,-6.1991,12.6129,-3.4967,-2.8460,0.4043,140.0292,0.2086,1.2909,0.0819
8.9000,T000001,veh1,seg2,position+velocity,25.8844,-6.1438,141.1705,,,,25.7546,-6.9421,141.1705,25.5460,-6.1410,21.8696,141.1705,25.6574,-6.3179,12.3308,-3.2026,-3.0612,1.0843,140.6287,0.1923,1.1903,0.2861
8.9500,T000001,veh1,seg2,position+velocity,26.5024,-6.5332,141.9009,,,,,,,26.7583,-6.0483,22.5643,141.9009,26.4469,-6.3292,13.0696,-2.4295,-0.7847,2.8613,141.4183,0.1981,1.2364,0.2114
9.0000,T000001,veh1,seg2,position+velocity,27.1119,-6.9512,142.6399,,,,,,,26.8232,-7.5254,23.2579,142.6399,27.0047,-6.7926,12.5289,-4.0531,-2.1203,-1.7040,142.1435,0.2116,1.3013,0.1914
9.0500,T000001,veh1,seg2,position+velocity,27.7437,-7.2767,143.3507,,,,,,,27.8276,-7.5046,23.9505,143.3507,27.6951,-7.1351,12.7694,-4.7820,-1.2118,-3.2255,142.9141,0.2270,1.3610,0.1497
9.1000,T000001,veh1,seg2,position+velocity,28.4457,-7.3214,144.0541,,,,,,,28.6449,-7.3859,24.6419,144.0541,28.4436,-7.3697,13.2506,-4.8737,0.1202,-2.9861,143.6985,0.2332,1.3744,0.0483
9.1500,T000001,veh1,seg2,position+velocity,29.1380,-7.4006,144.7509,,,,,,,28.5920,-7.7333,25.3323,144.0541,28.8925,-7.6633,12.1991,-5.2465,-2.5333,-3.5348,144.2349,0.2328,1.3632,0.3595
9.2000,T000001,veh1,seg2,position+velocity,29.8710,-7.3150,145.4889,,,,28.8064,-7.3403,144.7509,29.8794,-7.7844,26.0217,145.4889,29.6396,-7.8070,12.8185,-4.7694,-0.5346,-1.7832,144.9958,0.2061,1.2202,0.5438
9.2500,T000001,veh1,seg2,position+velocity,30.4566,-7.8062,146.2532,,,,,,,30.0835,-7.4317,26.7102,145.4889,30.2105,-7.8497,12.4411,-3.9117,-1.4408,0.5418,145.5682,0.2156,1.2816,0.2499
9.3000,T000001,veh1,seg2,position+velocity,31.0529,-8.2514,146.9974,,,,31.2681,-8.6440,147.7058,31.8638,-8.0329,27.3977,147.7058,31.1320,-8.0823,13.8130,-4.0555,2.1130,0.1442,146.5187,0.2170,1.2599,0.1867
9.3500,T000001,veh1,seg2,position+velocity,31.6755,-8.5894,147.7058,,,,,,,31.0785,-8.7679,28.0844,146.9974,31.6190,-8.4092,12.9040,-4.6383,-0.4565,-1.3011,147.1052,0.2368,1.3527,0.1888
9.4000,T000001,veh1,seg2,position+velocity,32.3009,-8.9128,148.4099,,,,,,,32.4217,-8.4478,28.7701,148.4099,32.3176,-8.5832,13.1613,-4.4056,0.2872,-0.5360,147.8251,0.2577,1.4352,0.3300
9.4500,T000001,veh1,seg2,position+velocity,33.0369,-8.7973,149.1549,,,,,,,33.0776,-9.2953,29.4551,149.1549,33.0090,-8.9823,13.3219,-5.2659,0.6212,-2.5507,148.6234,0.2635,1.4506,0.1872
9.5000,T000001,veh1,seg2,position+velocity,33.6563,-9.1374,149.8616,,,,,,,34.4254,-9.1266,30.1392,150.5492,33.9197,-9.2002,14.4643,-5.1529,3.2420,-1.9384,149.5599,0.2738,1.4841,0.2708
9.5500,T000001,veh1,seg2,position+velocity,34.3374,-9.2318,150.5492,,,,,,,34.2364,-8.9806,30.8225,150.5492,34.4847,-9.2900,13.8614,-4.4855,1.3764,-0.1606,150.1319,0.2775,1.4927,0.1584
9.6000,T000001,veh1,seg2,position+velocity,34.9481,-9.6001,151.2624,,,,,,,34.9356,-8.6990,31.5051,150.5492,35.1071,-9.2589,13.6205,-3.3679,0.6901,2.4101,150.7551,0.2877,1.5272,0.3765
9.6500,T000001,veh1,seg2,position+velocity,35.5290,-10.0827,152.0176,,,,,,,34.9459,-10.3811,32.1869,152.0176,35.5557,-9.7068,12.6328,-4.5206,-1.6356,-0.5683,151.3891,0.3059,1.5885,0.3769
9.7000,T000001,veh1,seg2,position+velocity,36.1720,-10.3179,152.7023,,,,,,,36.1708,-11.4216,32.8680,152.7023,36.1959,-10.3552,12.6247,-6.3485,-1.4062,-4.5568,152.3003,0.3216,1.6349,0.0443
9.7500,T000001,veh1,seg2,position+velocity,36.8578,-10.3819,153.3910,,,,,,,36.4567,-9.9561,33.5485,152.7023,36.7034,-10.4090,12.0354,-5.3743,-2.5544,-1.7661,152.8106,0.3284,1.6479,0.1568
9.8000,T000001,veh1,seg2,position+velocity,37.5518,-10.4108,154.0857,,,,,,,37.3233,-10.0749,34.2283,154.0857,37.3170,-10.4707,11.9857,-4.6081,-2.3506,0.0492,153.4273,0.3261,1.6343,0.2423
9.8500,T000001,veh1,seg2,position+velocity,38.2213,-10.5337,154.7663,,,,,,,38.3915,-11.0730,34.9074,154.7663,38.0910,-10.8507,12.6111,-5.2566,-0.7284,-1.4272,154.2895,0.3221,1.6233,0.3427
9.9000,T000001,veh1,seg2,position+velocity,38.9058,-10.5948,155.4536,,,,38.9666,-10.3719,155.4536,38.4703,-9.7950,35.5859,154.7663,38.6671,-10.5789,12.3623,-3.0829,-1.1666,3.4760,154.9265,0.2869,1.4605,0.2393
9.9500,T000001,veh1,seg2,position+velocity,39.5432,-10.8393,156.1362,,,,,,,39.7250,-11.0299,36.2638,156.1362,39.4266,-10.8418,12.9074,-3.4277,0.1682,2.2422,155.7302,0.2924,1.5170,0.1166
10.0000,T000001,veh1,seg2,position+velocity,40.2679,-10.7376,156.8680,,,,40.6852,-10.6961,157.5582,40.4007,-10.9541,36.9412,156.8680,40.2255,-10.9622,13.5106,-3.1134,1.3710,2.6857,156.5382,0.2655,1.4092,0.2285
10.0500,T000001,veh1,seg2,position+velocity,40.8905,-11.0353,157.5582,,,,,,,41.2257,-11.3207,37.6180,157.5582,40.9977,-11.1780,13.9695,-3.2497,2.2101,2.0839,157.3399,0.2725,1.4790,0.1784
10.1000,T000001,veh1,seg2,position+velocity,41.6052,-10.9685,158.2760,,,,,,,41.3262,-11.3204,38.2942,158.2760,41.5539,-11.3274,13.4231,-3.0873,0.6821,2.2404,157.9158,0.2698,1.5030,0.3625
10.1500,T000001,veh1,seg2,position+velocity,42.1126,-11.7156,159.1791,,,,,,,42.4657,-11.9403,38.9699,159.8661,42.2933,-11.5993,13.7730,-3.5168,1.4294,1.0002,158.7037,0.2899,1.5934,0.2149
10.2000,T000001,veh1,seg2,position+velocity,42.7358,-12.0049,159.8661,,,,,,,42.7703,-11.6573,39.6451,159.8661,42.9219,-11.7345,13.5577,-3.2724,0.7624,1.4750,159.3466,0.3106,1.6666,0.3283
10.2500,T000001,veh1,seg2,position+velocity,43.3414,-12.3615,160.5689,,,,,,,43.0125,-12.1221,40.3199,159.8661,43.4461,-11.9588,12.9186,-3.4786,-0.7303,0.8452,159.9168,0.3330,1.7318,0.4161
10.3000,T000001,veh1,seg2,position+velocity,44.0132,-12.4553,161.2472,,,,44.1805,-12.4439,161.2472,44.0938,-11.9863,40.9941,161.2472,44.1135,-12.1231,13.0006,-3.3817,-0.4268,1.0004,160.6041,0.3131,1.5803,0.3471
10.3500,T000001,veh1,seg2,position+velocity,44.6700,-12.6064,161.9212,,,,,,,43.9034,-13.1911,41.6679,161.2472,44.5243,-12.5444,11.9895,-4.3904,-2.5142,-1.2484,161.1925,0.3286,1.6383,0.1584
10.4000,T000001,veh1,seg2,position+velocity,45.3176,-12.7920,162.5949,,,,,,,45.0604,-12.5809,42.3413,162.5949,45.1175,-12.6958,11.8804,-4.1347,-2.4152,-0.5098,161.8048,0.3411,1.6817,0.2221
10.4500,T000001,veh1,seg2,position+velocity,46.0236,-12.7461,163.3023,,,,,,,46.5082,-11.9569,43.0142,163.3023,45.9886,-12.5767,12.9117,-2.8282,0.0235,2.2874,162.6840,0.3411,1.6828,0.1729
10.5000,T000001,veh1,seg2,position+velocity,46.5369,-13.4569,164.1792,,,,,,,46.7361,-13.1472,43.6867,164.1792,46.6498,-12.8396,12.9554,-3.2464,0.0691,1.1114,163.3955,0.3617,1.7544,0.6275
10.5500,T000001,veh1,seg2,position+velocity,47.1904,-13.6144,164.8513,,,,,,,47.0851,-14.0000,44.3588,164.8513,47.2357,-13.2758,12.7051,-4.2899,-0.4688,-1.1590,164.1259,0.3773,1.8025,0.3417
10.6000,T000001,veh1,seg2,position+velocity,47.7904,-13.9806,165.5543,,,,,,,46.7711,-14.5479,45.0306,164.8513,47.5778,-13.7604,11.5205,-5.3922,-2.8564,-3.2604,164.7191,0.3960,1.8573,0.3061
10.6500,T000001,veh1,seg2,position+velocity,48.5288,-13.8007,166.3143,,,,,,,48.7203,-14.1788,45.7019,166.3143,48.3674,-14.0628,12.2716,-5.6297,-0.9486,-3.3321,165.5646,0.3948,1.8453,0.3078
10.7000,T000001,veh1,seg2,position+velocity,49.2293,-13.7683,167.0155,,,,49.4130,-14.5022,167.0155,49.5112,-13.7494,46.3729,167.0155,49.1995,-14.1348,13.0555,-4.8671,0.6835,-1.2512,166.3999,0.3455,1.6304,0.3678
10.7500,T000001,veh1,seg2,position+velocity,49.9042,-13.8354,167.6938,,,,,,,49.5956,-14.8319,47.0436,167.6938,49.7615,-14.5367,12.7181,-5.5568,-0.1032,-2.5609,167.0908,0.3445,1.6660,0.7157
10.8000,T000001,veh1,seg2,position+velocity,50.5220,-14.1262,168.3765,,,,,,,50.4901,-13.9304,47.7139,168.3765,50.4295,-14.5390,12.8498,-4.5699,0.1972,-0.2327,167.7589,0.3500,1.7166,0.4230
10.8500,T000001,veh1,seg2,position+velocity,51.1429,-14.4033,169.0564,,,,,,,50.9555,-14.6050,48.3839,169.0564,51.0362,-14.7334,12.7119,-4.4771,-0.1164,-0.0790,168.3959,0.3593,1.7705,0.3469
10.9000,T000001,veh1,seg2,position+velocity,51.8649,-14.2808,169.7888,,,,51.1848,-13.8331,169.0564,51.8456,-14.1449,49.0536,169.7888,51.6818,-14.5844,12.7749,-3.0125,0.0791,2.9075,169.0585,0.3243,1.6167,0.3545
10.9500,T000001,veh1,seg2,position+velocity,52.5124,-14.4514,170.4583,,,,,,,52.6682,-15.0648,49.7231,170.4583,52.4245,-14.8451,13.1849,-3.3522,0.8984,1.8495,169.8456,0.3292,1.6707,0.4034
11.0000,T000001,veh1,seg2,position+velocity,53.2323,-14.3365,171.1874,,,,,,,53.3331,-14.3151,50.3926,171.1874,53.1706,-14.7449,13.5630,-2.1488,1.5632,4.2204,170.5984,0.3218,1.6761,0.4131
11.0500,T000001,veh1,seg2,position+velocity,53.8568,-14.5975,171.8642,,,,,,,54.6334,-14.3273,51.0621,172.5521,54.1172,-14.6788,14.7525,-1.2611,3.9111,5.6044,171.5473,0.3224,1.7003,0.2728
11.1000,T000001,veh1,seg2,position+velocity,54.5445,-14.6097,172.5521,,,,,,,54.6836,-14.7498,51.7317,172.5521,54.7774,-14.7512,14.5519,-1.0803,2.9826,5.3372,172.2114,0.3166,1.6949,0.2725
11.1500,T000001,veh1,seg2,position+velocity,55.1917,-14.7811,173.2216,,,,,,,55.5162,-14.5265,52.4012,173.2216,55.5141,-14.6976,14.7320,-0.3755,3.0627,6.2812,172.9501,0.3139,1.6946,0.3330
11.2000,T000001,veh1,seg2,position+velocity,55.7938,-15.1306,173.9177,,,,,,,55.8608,-15.2396,53.0707,173.9177,56.1233,-14.8902,14.3094,-0.8700,1.8174,4.5108,173.5890,0.3207,1.7205,0.4079
11.2500,T000001,veh1,seg2,position+velocity,56.3715,-15.5757,174.6470,,,,,,,56.2479,-16.0538,53.7402,174.6470,56.6731,-15.2504,13.6804,-2.0351,0.2961,1.5556,174.2463,0.3368,1.7692,0.4437
11.3000,T000001,veh1,seg2,position+velocity,57.0081,-15.7891,175.3184,,,,,,,57.0656,-16.3828,54.4098,175.3184,57.2789,-15.6461,13.3779,-3.1932,-0.3358,-0.9914,174.9699,0.3505,1.7997,0.3063
11.3500,T000001,veh1,seg2,position+velocity,57.7595,-15.5502,176.1070,,,,,,,57.4345,-15.9393,55.0793,175.3184,57.7494,-15.8365,12.5333,-3.3166,-2.0484,-1.0454,175.4774,0.3407,1.7473,0.2864
11.4000,T000001,veh1,seg2,position+velocity,58.4568,-15.5247,176.8047,,,,,,,58.0259,-15.2238,55.7488,176.1070,58.2365,-15.6695,11.8757,-1.9445,-3.1665,1.9706,175.9923,0.3241,1.6848,0.2636
11.4500,T000001,veh1,seg2,position+velocity,58.9674,-16.2340,177.6787,,,,,,,60.2405,-17.8556,56.4183,179.0562,59.2489,-16.3923,13.5245,-4.5387,0.6860,-3.7836,177.2362,0.3378,1.7337,0.3229
11.5000,T000001,veh1,seg2,position+velocity,59.5622,-16.6121,178.3834,,,,,,,60.0177,-14.9977,57.0879,177.6787,59.9288,-16.1374,13.5247,-2.6066,0.5215,0.8315,177.9624,0.3560,1.7895,0.5999
11.5500,T000001,veh1,seg2,position+velocity,60.1950,-16.8403,179.0562,,,,,,,61.4985,-17.1383,57.7574,180.4144,60.8623,-16.5461,14.6145,-3.7793,2.7371,-1.8106,178.9815,0.3718,1.8302,0.7293
11.6000,T000001,veh1,seg2,position+velocity,60.8666,-16.9158,179.7320,,,,,,,61.3711,-15.4988,58.4269,180.4144,61.5075,-16.3236,14.3560,-2.1459,1.8566,1.8118,179.6640,0.3793,1.8397,0.8727
11.6500,T000001,veh1,seg2,position+velocity,61.5480,-16.9526,180.4144,,,,,,,60.7699,-18.2999,59.0964,179.7320,61.7189,-17.1091,12.3987,-4.8521,-2.3323,-4.0141,180.4775,0.3778,1.8235,0.2318
11.7000,T000001,veh1,seg2,position+velocity,62.2431,-16.9357,181.1097,,,,,,,61.7310,-16.6188,59.7659,180.4144,62.1325,-17.0395,11.5244,-3.7033,-3.7616,-1.1010,180.8969,0.3673,1.7862,0.1517
11.7500,T000001,veh1,seg2,position+velocity,62.9054,-17.0477,181.7814,,,,,,,63.2419,-16.7224,60.4355,181.7814,62.9192,-17.0476,12.2293,-3.0679,-1.8722,0.2625,181.6836,0.3577,1.7622,0.0138
11.8000,T000001,veh1,seg2,position+velocity,63.5200,-17.3477,182.4653,,,,,,,63.2084,-17.1596,61.1050,181.7814,63.4109,-17.1953,11.6404,-3.0527,-2.9355,0.2278,182.1970,0.3580,1.7748,0.1874
11.8500,T000001,veh1,seg2,position+velocity,64.2014,-17.3847,183.1477,,,,,,,63.8772,-17.1948,61.7745,183.1477,63.9541,-17.2928,11.3642,-2.8200,-3.1776,0.6831,182.7489,0.3525,1.7676,0.2638
11.9000,T000001,veh1,seg2,position+velocity,64.7937,-17.7725,183.8556,,,,,,,65.0375,-18.8426,62.4440,183.8556,64.6858,-17.8846,11.8980,-4.6472,-1.7236,-3.2108,183.6900,0.3591,1.7988,0.1556
11.9500,T000001,veh1,seg2,position+velocity,65.5086,-17.6774,184.5769,,,,,,,66.0245,-17.6630,63.1136,185.2656,65.5485,-17.9210,12.9004,-3.9157,0.5007,-1.2230,184.5534,0.3519,1.7804,0.2469
12.0000,T000001,veh1,seg2,position+velocity,66.1178,-17.9988,185.2656,,,,,,,65.4892,-19.2829,63.7831,185.2656,65.9439,-18.5177,11.8579,-5.6487,-1.7853,-4.7456,185.2692,0.3547,1.7953,0.5473
