scenario_id,global_track_id,vehicle_id_oracle,label,sc_speed_limit_mps,kin_speed_mean_mps,kin_speed_max_mps,kin_speed_min_mps,kin_speed_std_mps,kin_speed_p90_mps,kin_speed_over_limit_frac,kin_speed_excess_max_mps,kin_speed_excess_mean_mps,kin_speed_cv,kin_lateral_vel_mean_mps,kin_lateral_vel_max_mps,kin_speed_jump_max_mps,kin_heading_change_rate_max_rad_per_s,kin_stopped_frac,kin_stop_event_count,kin_max_stopped_steps,kin_max_stopped_duration_s,kin_accel_mean_abs_mps2,kin_accel_max_abs_mps2,kin_accel_std_mps2,kin_phys_impossible_v,kin_phys_impossible_a,kin_lateral_accel_max_mps2,kin_decel_max_mps2,kin_high_decel_frac,kin_decel_event_count,kin_jerk_max_mps3,kin_jerk_mean_abs_mps3,kin_lateral_dev_mean_m,kin_lateral_dev_max_m,kin_lateral_dev_std_m,kin_lateral_peak_to_peak_m,kin_lateral_oscillation_ratio,kin_lateral_speed_max_mps,kin_road_heading_diff_mean_rad,kf_pos_err_mean_m,kf_pos_err_max_m,kf_pos_err_std_m,kf_pos_err_p90_m,kf_track_rmse_m,kf_rolling_rmse_spike_count,kf_sigma_pos_mean_m,kf_sigma_pos_max_m,kf_consistency_ratio_mean,kf_consistency_ratio_max,kf_overconfident_frac,kf_sigma_growth_rate_during_gaps_m_per_s,kf_post_dropout_jump_m,cov_total_rows,cov_pred_only_count,cov_pred_only_frac,cov_max_consec_pred,cov_n_dropout_events,cov_duration_s,dis_das_cam_mean_m,dis_das_cam_max_m,dis_das_hat_mean_m,dis_das_hat_max_m,dis_cam_hat_mean_m,dis_cam_hat_max_m,dis_gps_hat_mean_m,dis_gps_hat_max_m,dis_das_only_err_mean_m,dis_cam_only_err_mean_m,dis_das_worse_than_cam,das_n_measurements,das_snr_mean,das_snr_min,das_snr_max,das_snr_std,das_snr_low_frac,das_sigma_mean_m,das_sigma_max_m,das_confidence_mean,das_sigma_v_mean_mps,das_accept_frac,das_skip_frac,das_W_est_std_kg,das_W_est_cv,cam_n_measurements,cam_confidence_mean,cam_confidence_min,cam_confidence_std,cam_low_conf_frac,cam_sigma_mean_m,cam_accept_frac,gps_n_measurements,gps_sigma_mean_m,aud_skip_total,aud_skip_frac,aud_skip_reason_top,aud_skip_chi2_frac,cov_das_active_frac,cov_cam_active_frac,cov_gps_active_frac,cov_multi_sensor_frac,cov_single_sensor_frac,cov_no_sensor_frac,cov_das_cam_overlap_frac,cov_das_gps_overlap_frac,cov_cam_gps_overlap_frac,cov_all_sensors_frac,cov_dominant_sensor,cov_err_das_only_m,cov_err_cam_only_m,cov_err_gps_only_m,cov_err_multi_sensor_m,cov_err_no_sensor_m,cov_fusion_benefit_vs_best_single,cov_err_cam_no_das_m,cov_err_cam_with_das_m,cov_das_fusion_benefit_m,cov_gap_frac_early,cov_gap_frac_middle,cov_gap_frac_late,cov_gap_clustering_cv,cov_high_speed_gap_frac,cov_mean_speed_at_gaps_mps,cov_das_hz_est,cov_cam_hz_est,cov_gps_hz_est,cov_das_update_share,cov_cam_update_share,cov_gps_update_share,cov_dominant_kalman_updater,cov_das_amplitude_mean,cov_das_amplitude_std,cov_das_amplitude_cv,das_amplitude_vs_dist_pearson_r,cov_das_fiber_dist_mean_m,cov_das_fiber_dist_std_m,cov_das_fiber_dist_max_m,cov_das_fiber_dist_cv,cov_das_lateral_offset_mean_m,cov_das_lateral_offset_std_m,cov_das_lateral_offset_max_m,cov_das_lateral_offset_abs_mean_m,cov_das_lateral_offset_range_m,cov_das_lateral_frac_outside_half_m,cov_das_lateral_frac_outside_1m,cov_das_lateral_sign_changes,cov_das_lateral_consistent_side_frac,cov_das_lateral_change_rate_max,iv_n_other_vehicles,iv_min_dist_m,iv_mean_min_dist_m,iv_p10_min_dist_m,iv_close_proximity_frac,iv_tailgate_proximity_frac,iv_overlap_frac,iv_overlap_duration_s,iv_ttc_min_s,iv_ttc_below_2s_frac,iv_closing_speed_max_mps,iv_time_headway_mean_s,iv_speed_proximity_ratio_max,iv_speed_excess_over_others_mps,iv_speed_ratio_to_others,iv_speed_pearson_r_traffic,iv_decel_at_min_dist_mps2,iv_rel_speed_at_min_dist_mps,iv_collision_risk_proxy,iv_others_mean_speed_when_stopped,das_W_est_kg,das_W_est_class,anomaly_score,anomaly_flag,top_feature,z_score_max
region_003/anomaly_speeding,T000001,veh001,anomaly,8.333,20.33713394269218,25.782709277731072,5.36529791344339,1.9563015383579216,21.87049536462214,0.9909808342728298,17.449709277731074,12.130718241335224,0.0961935710248339,19.389907891770008,24.3297,2.744183321772871,5.424048842381632,0.0,0,0,0.0,4.696417324578115,18.166288173427176,3.3708307258599963,0,134,16.2618,9.09145352632285,0.0744081172491544,16,6.18376076797623,0.7548036672464018,86.72897290055911,173.40823720405865,50.04030294533119,346.21809999999994,0.5769733143583509,33.461750000000244,0.0718050638868952,0.3384585118376551,1.2487,0.2190819057728424,0.63498,0.4031090847325475,18,0.2018712514092447,0.4478,1.715737857133062,6.9210019267822736,0.3280721533258173,,0.4394078418057127,887,373,0.4205186020293123,1,373,17.72,,,0.3513716216216185,2.3437000000001262,0.2031691176470711,1.0662999999999556,4.003357142857112,9.761599999999817,0.3276416666666669,0.1966191176470589,1.0,444,35.4547599099099,8.8731,208.5526,29.785373510071377,0.0,0.39909527027027,0.6714,0.7675245495495499,15.637573648648658,1.0,0.0,1737.0829831073625,0.8400951969708906,107,0.5426953271028037,0.1502,0.2203048061651571,0.2149532710280373,0.1720065420560746,1.0,21,4.452385714285716,0,0.0,,,0.5005636978579482,0.076662908680947,0.0157835400225479,0.0135287485907553,0.5659526493799324,0.4205186020293123,0.0,0.0101465614430665,0.0033821871476888,0.0,DAS,0.3280009195402302,0.2004646153846154,0.214,0.2610333333333334,0.3778597855227882,-0.0605687179487179,0.1966191176470589,,,0.4711864406779661,0.4067796610169492,0.3838383838383838,0.6233459994497461,0.7184986595174263,20.32326073461876,25.056433408577885,3.8374717832957113,0.7900677200902935,0.7762237762237763,0.187062937062937,0.0367132867132867,DAS,283.6380689189188,238.28299543512856,0.8400952535861625,0.9999999976680944,1.8194058558558568,0.695093056479875,3.661,0.3820439811396012,0.1805835585585587,0.695073961522373,1.8,0.5617515765765765,3.4610000000000003,0.4572072072072072,0.1914414414414414,19,,14.287499999999673,3,59.88742814865237,135.45060257977124,64.77255939869494,0.0,0.0,0.0,0.0,3.452156587840586,0.0,35.01831453219946,6.9308131030395685,0.3528221961625477,9.105969681949071,1.810777001434985,0.1031663361947587,-2.2065596745996694,30.089643879082384,15.693588623405182,,2067.7215979459456,car,21.577502384589813,1,cov_high_speed_gap_frac,21.577502384589813
region_003/anomaly_speeding,T000002,veh002,anomaly,8.333,8.116004246373075,12.655147180495373,1.4493845935430665,1.1982039027687863,9.449994799647556,0.2568542568542568,4.322147180495373,1.1424082229974732,0.14763470624159,6.484066907166903,11.3657,5.313589909359498,14.506991906558303,0.0,0,0,0.0,4.477426445357181,38.72499091801056,4.092082492844324,0,211,24.7316,20.8808517775921,0.0394420394420394,30,22.02844036882609,0.78085496715863,37.44786415144366,82.5391545935546,20.484854159647348,142.46129999999994,0.5470232982261455,21.86225000000142,0.2346918902908727,0.3151998075998075,1.1052,0.1908276565750328,0.57258,0.3684407652510745,22,0.2308364117364122,0.4572,1.4655155835036415,9.364758698092032,0.2294372294372294,,0.2304027366027142,2079,893,0.4295334295334295,1,893,41.56,0.4856600000000071,1.2798999999999978,0.3627273076923068,1.864599999999882,0.1611830188679296,0.9185999999999694,3.75769677419356,10.00890000000004,0.3081342857142857,0.2064223880597016,1.0,1040,29.714451923076915,7.4074,269.3347,27.532785760052803,0.0,0.4398736538461543,0.7348,0.7292399038461532,17.094152980769174,1.0,0.0,1605.7120655262793,0.926578953275938,254,0.4724996062992129,0.1517,0.2056906696495299,0.2795275590551181,0.1852224409448818,1.0,42,4.535252380952381,0,0.0,,,0.5002405002405003,0.0764790764790764,0.0149110149110149,0.0211640211640211,0.5493025493025493,0.4295334295334295,0.012025012025012,0.0067340067340067,0.0024050024050024,0.0,DAS,0.308103896103896,0.2074922480620156,0.298,0.2291681818181818,0.3431830907054873,-0.0216759337561662,0.2064223880597016,0.1938,0.0126223880597016,0.494949494949495,0.391053391053391,0.4025974025974026,0.6255655133018864,0.0,8.103477874229975,25.02406159769009,3.825794032723773,0.7459095283926853,0.7784431137724551,0.1901197604790419,0.0314371257485029,DAS,237.71560663461528,220.26229582376644,0.9265790283694932,0.999999997766362,1.9406322115384604,0.73739565802128,3.8,0.3799770268868723,-0.0275182692307692,0.7266352614541437,1.8,0.5956713461538463,3.6,0.5365384615384615,0.1769230769230769,39,,18.837499999999984,3,57.57847619180265,79.07162902197041,59.17772625610463,0.0,0.0,0.0,0.0,3.452156587840586,0.0,35.01831453219946,10.696410986387626,0.1872353910277918,-7.188869913143069,0.5302888584240184,0.3868845200000872,0.4974652366487308,23.431319110324324,15.693588623405182,,1732.946836153846,car,2.7140050050645868,0,iv_speed_excess_over_others_mps,2.7140050050645868
region_003/anomaly_speeding,T000003,veh003,anomaly,8.333,12.858665317515571,17.131572531732164,9.99680238576316,1.0772046598941316,14.345005858280476,1.0,8.798572531732164,4.525665317515564,0.0837726648369022,10.078228403361347,15.8782,2.473152055773644,7.018324770366325,0.0,0,0,0.0,5.369707062903482,50.04672475926871,7.668536278531317,0,74,31.6331,6.394826827767089,0.0672268907563025,9,18.27599782779408,0.8576543598520329,33.16961640279641,71.03084957983197,18.345691207488706,120.17399999999998,0.553087228525864,25.51250000000073,0.1110984822606176,0.2641445378151262,1.0266,0.1732824041814465,0.4955600000000001,0.3158301177223353,15,0.170566218487395,0.3236,1.648841285970729,10.188583078491336,0.2957983193277311,,0.2859574863889689,595,235,0.3949579831932773,1,235,11.88,0.4931647058823835,1.6372000000001208,0.3671352348993253,1.7536999999999807,0.1427727272727159,0.7315999999998439,3.018079999999986,11.11590000000001,0.2643032028469749,0.1964133333333332,1.0,298,31.420484563758382,11.1111,136.0939,20.874706366884947,0.0,0.41369932885906,0.6,0.7527486577181205,16.136383221476503,1.0,0.0,1217.41287531673,0.6643661501949795,137,0.4794481751824818,0.1518,0.1831513477741795,0.1970802919708029,0.1799087591240876,1.0,18,4.569827777777778,0,0.0,,,0.5008403361344538,0.1294117647058823,0.0168067226890756,0.0403361344537815,0.5647058823529412,0.3949579831932773,0.0285714285714285,0.0134453781512605,0.0016806722689075,0.0016806722689075,DAS,0.2635521897810217,0.1964133333333332,0.3086,0.243825,0.2838251063829787,-0.0474116666666667,0.1964133333333332,0.2232882352941176,-0.0268749019607843,0.404040404040404,0.3686868686868687,0.4120603015075377,0.5858313307138839,0.0,12.886905470002349,25.084175084175083,6.481481481481482,0.8417508417508417,0.6578366445916115,0.3024282560706401,0.0397350993377483,DAS,251.36388523489924,166.99764658211782,0.6643661098174812,0.9999999987018424,2.33389865771812,0.8061709856136787,3.8,0.345418162415793,-0.3338986577181206,0.8061709856136787,1.8,0.7220919463087244,3.2142,0.6040268456375839,0.3120805369127516,7,0.6342281879194631,16.427499999999984,3,34.788610313865654,55.7072702536019,40.75024822240056,0.0,0.0,0.0,0.0,4.329949147615214,0.0,29.46317871338601,4.338687052689815,0.3790016317120652,-0.8653218182864055,0.9369482199506712,0.1867658926888259,-0.0913389122860225,15.259310904048784,11.199492753418816,,1832.4426597583893,car,2.2637392103773277,0,cov_das_lateral_consistent_side_frac,2.2637392103773277
region_003/anomaly_speeding,T000004,veh004,anomaly,8.333,12.71882321834068,16.147388589180604,10.531122723147805,0.8708261430554007,13.603697616514792,1.0,7.814388589180604,4.385823218340674,0.0684675089908994,11.930972093023264,15.0641,3.035339601703475,10.587539846155186,0.0,0,0,0.0,5.496297599084224,20.32110730964236,3.942549757329238,0,83,8.4902,5.273073591623886,0.0568475452196382,7,8.608235597947669,0.8002921279907744,22.94050647997917,46.07940258397935,13.273988831719391,92.04229999999995,0.5786266682169366,25.46524999999884,0.1507429951872412,0.2755656330749355,0.8938,0.1646102977857041,0.4937,0.3208784058544128,0,0.1791819121447027,0.3238,1.601674535469846,5.970408163265305,0.2739018087855297,,0.308419757880731,387,169,0.4366925064599483,1,169,7.720000000000001,0.3031312499999927,1.112899999999854,0.34688762886597,1.3398999999999432,0.2197102564102515,0.7485000000001492,5.156549999999963,7.230599999999868,0.2712011235955055,0.1723260869565217,1.0,194,70.55192989690718,16.1455,339.5062,78.16205414369759,0.0,0.3575969072164936,0.4977,0.8256943298969073,14.37559432989688,1.0,0.0,4558.410997660445,1.1078655716138537,58,0.4533965517241379,0.152,0.2467774101560744,0.396551724137931,0.1856275862068965,1.0,6,4.391033333333334,0,0.0,,,0.5012919896640827,0.1007751937984496,0.0155038759689922,0.0516795865633074,0.5116279069767442,0.4366925064599483,0.041343669250646,0.0129198966408268,0.0025839793281653,0.0025839793281653,DAS,0.2692862068965517,0.1723260869565217,0.321,0.197645,0.3050337278106507,-0.0253189130434782,0.1723260869565217,0.15843125,0.0138948369565217,0.4031007751937984,0.4263565891472868,0.4806201550387597,0.5583840151414561,0.0,12.722092489049452,25.12953367875648,5.05181347150259,0.7772020725388601,0.751937984496124,0.2248062015503876,0.0232558139534883,DAS,564.415482474227,625.2964093621111,1.107865444478951,0.999999998490786,1.9292706185567008,0.9229842993812396,3.4271,0.4784110069906782,0.0707293814432989,0.9229842993812398,1.8,0.7908798969072155,3.2271,0.6701030927835051,0.3247422680412371,4,,13.802499999999988,3,34.788610313865654,51.09385659866272,37.53053833695071,0.0,0.0,0.0,0.0,4.002583767710343,0.0,20.276634754266304,4.030858065973992,0.3782491523134158,-1.051777950519595,0.9236214935265136,-0.1294577946688203,0.0191764390610519,12.620147199441805,11.199492753418816,,4114.588551587627,van_truck,1.8981354235538217,0,kin_lateral_vel_mean_mps,1.8981354235538217
region_010/anomaly_hard_braking,T000001,veh001,anomaly,8.333,1.407557706114391,4.581021000825034,0.0,0.7406850307669736,2.4118857152571995,0.0,0.0,0.0,0.5262200104119773,0.903227154525754,4.4199,2.9503098968430184,130.26367305029834,0.0995165860976829,260,6,0.1199999999999974,3.322656004501136,10.321361856848156,1.7680370541832118,0,76,10.1186,1.93751794622578,0.0,0,8.263197727470393,0.8457607887008888,0.1939653471166686,0.900603683947395,0.1469070318761396,1.7286000000000286,0.7573880286347036,19.73754999999036,1.5790979918366588,0.3019362393732289,0.9233,0.1532360778628177,0.5045399999999999,0.3385895361702726,16,0.2655757126187836,0.4446,1.137393699921534,3.4354199683042785,0.0778463077179529,,0.210698011582299,5999,2926,0.4877479579929988,1,2926,119.96,,,0.2749090666666667,1.1467999999999847,,,2.96272773109244,9.47519999999986,0.290168866666666,,,3000,25.744000000000188,25.744,25.744,1.883252151283453e-13,0.0,0.3941999999999784,0.3942,0.7628999999999817,15.622290833333633,1.0,0.0,5.685289513308537e-11,3.786683813249088e-14,0,,,,,,,119,4.055999999999995,0,0.0,,,0.5000833472245374,0.0,0.0198366394399066,0.0076679446574429,0.5045840973495582,0.4877479579929988,0.0,0.0076679446574429,0.0,0.0,DAS,0.2900157413676364,,0.299745205479452,0.3000021739130433,0.3140558783321935,-0.0099864325454069,,,,0.488744372186093,0.4842421210605303,0.4902548725637181,0.5786913990945987,0.0,1.4408891365702978,25.008336112037345,0.0,0.991997332444148,0.9618467457518436,0.0,0.0381532542481564,DAS,205.9520000000015,1.5066017210267624e-12,7.315305124624921e-15,,1.9987000000000803,8.061562864574214e-14,1.9987,4.0334031443307596e-14,0.0,0.0,0.0,0.0,0.0,0.0,0.0,0,,0.0,3,73.46291345740386,101.65606366008522,75.46069055349263,0.0,0.0,0.0,0.0,8.44508883991382,0.0,16.446024392339808,93.6375628044257,0.0476729353381757,-8.181145447323264,0.1467933341548659,-0.0625044856362011,-2.819562299918045,7.617761072692377,4.2725244569330165,9.53446616618621,1501.3900800000113,car,383.5243191039671,1,kin_stop_event_count,383.5243191039671
region_010/anomaly_hard_braking,T000002,veh002,anomaly,8.333,10.165249183106988,17.43982488014143,4.962452188182773,1.6521582044067484,12.477728809362704,0.8079810351639668,9.10682488014143,2.314944383509331,0.1625300250536278,6.475457447649152,15.2743,3.883758661476541,11.90946447760377,0.0,0,0,0.0,5.025555575664935,44.85196229932421,4.790136753380968,0,319,21.6288,8.761236830382227,0.066772026866851,51,21.60744323332623,0.8388367187863317,88.98273147107827,189.9504281706835,41.859542648093495,301.6666,0.4704232153369999,23.930999999996786,0.1673128651621774,0.3343726195179775,1.3714,0.2089095307272241,0.6137,0.3942473807827381,23,0.2395379691821413,0.5208,1.4664947297353508,5.95389344262295,0.2378506519162386,,0.2687712139142255,2531,1124,0.4440932437771632,1,1124,50.6,0.3773159090909013,1.2135000000000673,0.3512314375987309,1.5514000000000578,0.120407975460112,0.5072999999999865,3.2308923076923057,9.01949999999988,0.3246925531914893,0.1857058823529411,1.0,1266,30.88782725118483,8.0247,200.6173,27.38814989745467,0.0,0.4404850710900475,0.706,0.7303556082148498,17.108760900473943,1.0,0.0,1597.2769020195562,0.8866971986967473,185,0.5347421621621625,0.1507,0.2506302337752892,0.2972972972972973,0.1700578378378378,1.0,43,4.512769767441861,0,0.0,,,0.5001975503753457,0.0644014223627024,0.0154089292769656,0.024101145792177,0.5318056104306598,0.4440932437771632,0.0173844330304227,0.0047412090082971,0.0019755037534571,0.0,DAS,0.3241455371900825,0.1853526315789473,0.3196136363636364,0.2351983606557376,0.3661674377224194,-0.0498457290767902,0.1857058823529411,0.2004568181818181,-0.014750935828877,0.4211150652431791,0.4768683274021352,0.4343195266272189,0.5733342173834298,0.0,10.171295144834792,25.019762845849804,3.221343873517787,0.7707509881422926,0.8473895582329317,0.1238286479250334,0.0287817938420348,DAS,247.10261595576628,219.10518971386696,0.8866971677591988,0.9999999982719636,2.0430836492890987,0.8402723892686377,3.8,0.4112765473704489,-0.0430836492890996,0.8402723892686377,1.8,0.6992172985781995,3.6,0.6034755134281201,0.2567140600315956,37,,16.922499999997353,3,24.30125904598364,86.11757570161663,33.33345963217738,0.0,0.0,0.0,0.0,1.7434371931374752,0.0011853022520742,19.39870876136884,8.97334641771403,0.5827239507121134,3.495776522000199,1.524145865742267,0.5258439666539306,-2.557603791973945,14.82848655847858,16.01094982381878,,1801.3780852890995,car,1.8817223173766853,0,kin_lateral_dev_mean_m,1.8817223173766853
region_010/anomaly_hard_braking,T000003,veh003,anomaly,8.333,11.494136514148709,22.16611264520688,7.065500017691599,2.0797675300795766,13.793965299869791,0.9421265141318976,13.833112645206873,3.355359566363938,0.1809416068374937,5.817463526244958,14.9796,4.9525675617558775,11.34507986639588,0.0,0,0,0.0,6.045673934458622,48.69730198984334,6.521897450675455,0,137,30.4153,6.169363205328679,0.0484522207267833,12,16.064606348684595,0.9375627546174272,14.3551524531337,44.368912651413154,10.346875743458744,66.04500000000002,0.7207778375909928,20.73345000000118,0.1601230578467112,0.2850305518169582,2.228,0.2086194027347503,0.51402,0.353137217734304,19,0.1553453566621805,0.3085,1.871800429482279,12.095548317046688,0.3741588156123822,,0.2733842772394033,743,293,0.3943472409152086,1,293,14.84,0.3516533333333579,1.051300000000083,0.2812091397849412,1.7337999999999738,0.1757241758241609,0.9611999999999624,3.421221428571488,8.503200000000106,0.2764170868347341,0.2259171052631579,1.0,372,181.9825233870968,15.4321,637.2846,151.0320661156729,0.0,0.3131489247311808,0.5091,0.9149166666666668,13.048477956989275,1.0,0.0,8808.19009586604,0.8299262110703399,121,0.4909264462809917,0.1514,0.2117463064489339,0.2479338842975206,0.1795371900826445,1.0,22,4.498027272727271,0,0.0,,,0.5006729475100942,0.1224764468371467,0.0188425302826379,0.034993270524899,0.5706594885598923,0.3943472409152086,0.0201884253028263,0.0121130551816958,0.0053835800807537,0.0013458950201884,DAS,0.2777727793696277,0.2288041095890411,0.21105,0.2138,0.3145098976109216,-0.0027499999999999,0.2259171052631579,0.2235733333333333,0.0023437719298245,0.4251012145748988,0.3967611336032389,0.3614457831325301,0.6063150648222466,0.0034129692832764,11.641826532343703,25.06738544474393,6.132075471698113,0.9433962264150944,0.7223300970873786,0.2349514563106796,0.0427184466019417,DAS,1455.8601852150537,1208.2565567496038,0.8299262312549094,0.9999999954373954,1.084278763440862,0.8879834281287858,3.8,0.8189622983215586,0.3139475806451615,0.6701027809643273,1.8,0.6044120967741938,3.4885,0.5188172043010753,0.1935483870967742,20,0.739247311827957,14.825000000000312,3,24.30125904598364,42.81734955962587,26.68790124017343,0.0,0.0,0.0,0.0,1.7434371931374752,0.0040376850605652,19.39870876136884,3.886975563893073,0.5282790051155967,5.267626296722495,1.845999783631596,0.2416622120488911,-0.8024611400977416,13.817547655710172,16.01094982381878,,10613.220763935486,bus_hgv,3.0119698109834494,0,iv_speed_ratio_to_others,3.0119698109834494
region_010/anomaly_hard_braking,T000004,veh004,anomaly,8.333,7.106723763057266,11.796354947609874,2.01849896705448,1.234886954829136,8.744458087138751,0.0996104618809126,3.463354947609874,1.0909204539023665,0.1737631848374947,3.867467946577624,11.6322,3.588890119196501,14.661458894793192,0.0,0,0,0.0,4.487531285674033,20.083808037322008,2.8918899215504545,0,180,17.0592,8.627024953741673,0.0395102949360044,24,9.94307688624554,0.8105733434224416,27.19676757410253,85.0730052309404,17.75142797205829,109.56940000000004,0.652703595149361,21.96049999999931,0.2320213127711259,0.3162272676683355,1.3209,0.1917724651731819,0.5836,0.369805215780217,20,0.2296886477462438,0.4491,1.4377677154870845,7.609345794392524,0.2047857540345019,,0.2201529468186392,1797,778,0.432943795214246,1,778,35.919999999999995,0.5610749999999882,1.132699999999886,0.3188184649610708,1.4074999999998,0.1267874999999927,0.8148999999998523,3.0322500000000026,10.177000000000136,0.3042884399551063,0.19553125,1.0,899,28.304234927697483,10.4938,262.3457,20.11502207279983,0.0,0.4202824249165747,0.6174,0.7436349276974414,16.451239377085667,1.0,0.0,1173.1080872856858,0.7106718172804606,133,0.5434248120300752,0.168,0.2423831547320916,0.2481203007518796,0.1643654135338346,1.0,28,4.450864285714286,0,0.0,,,0.5002782415136339,0.0667779632721202,0.0144685587089593,0.0144685587089593,0.5525876460767947,0.432943795214246,0.0044518642181413,0.0077907623817473,0.0022259321090706,0.0,DAS,0.3041185860889392,0.1901388888888889,0.2474625,0.2805499999999999,0.349279434447301,-0.090411111111111,0.19553125,0.1901,0.0054312499999999,0.4908180300500834,0.3956594323873121,0.4123539232053422,0.618971466645597,0.0,7.176834894108993,25.02783964365257,3.3407572383073503,0.7238307349665926,0.8481132075471698,0.1254716981132075,0.0264150943396226,DAS,226.4338759733036,160.92017186165597,0.710671807254796,0.9999999985554314,2.323565628476085,0.6690551288519643,3.8,0.2879432888197634,-0.323565850945495,0.6690549971082221,1.8,0.6030519466073414,3.6,0.5072302558398221,0.2057842046718576,28,0.6985539488320356,17.51249999999998,3,73.53797185808175,110.01368517279056,81.06753942724914,0.0,0.0,0.0,0.0,9.655068745117635,0.0,11.917327821723337,16.078692254720654,0.1587126278821422,-0.5822573713994297,0.9242737937292946,0.2723344934945171,-0.0,8.283431317735243,3.4027522714536773,,1650.7029809833175,car,1.535859843480587,0,iv_n_other_vehicles,1.535859843480587
region_020/anomaly_stalled_vehicle,T000001,veh001,anomaly,8.333,1.3874548430749554,4.618473995812903,0.0,0.7244204880495503,2.356884572409557,0.0,0.0,0.0,0.5221218489850443,0.8710059509918311,3.7294,2.477702465604619,128.984452375459,0.0993498916486081,255,6,0.1199999999999974,3.231598256909844,10.550433013388597,1.6818436418391398,0,42,8.5552,2.1857526258128184,0.0,0,7.811471713393068,0.79103046677492,0.1914126446311922,0.8673289714953398,0.143478397937175,1.6868999999999232,0.7495763835958937,19.591950000003266,1.5802677042060962,0.3021197032838809,1.118,0.1552422492659922,0.5096200000000001,0.3396652082673236,31,0.27510498416402,0.4649,1.0987761331960637,3.988553987027853,0.0685114185697616,,0.20756615194153,5999,2999,0.4999166527754626,1,2999,119.96,,,0.2790195333333346,1.2702000000000453,,,,,0.2905548333333338,,,3000,24.0054999999994,24.0055,24.0055,6.04062010789032e-13,0.0,0.4082000000000021,0.4082,0.75,16.065942900000813,1.0,0.0,8.800828166601615e-11,6.2863024207223e-14,0,,,,,,,0,,0,0.0,,,0.5000833472245374,0.0,0.0,0.0,0.5000833472245374,0.4999166527754626,0.0,0.0,0.0,0.0,DAS,0.2905548333333338,,,,0.313688429476492,,,,,0.4997498749374687,0.5002501250625313,0.4997501249375312,0.5773502369007016,0.0,1.4179823402615714,25.008336112037345,0.0,0.0,1.0,0.0,0.0,DAS,192.0438999999976,2.416248043156128e-12,1.2581748460410138e-14,-1.0,2.0,0.0,2.0,0.0,0.0,0.0,0.0,0.0,0.0,0.0,0.0,0,,0.0,3,5.213079703975343,10.515647367019858,6.121948297693189,0.9024837472912152,0.0,0.0,0.0,1.0081784349326135,0.024837472912152,14.777377082571608,10.000650404168148,0.7222836894161639,-3.3554131522123747,0.29253499031674,-0.0169159542973359,-3.9258332857086473,7.322854437081864,13.922405715414795,3.443215441662257,1400.000759999965,car,376.1389107047215,1,kin_stop_event_count,376.1389107047215
region_020/anomaly_stalled_vehicle,T000002,veh002,anomaly,8.333,2.9804730962113606,13.605643648133666,0.024298971171636,2.624354550431772,5.711064785280258,0.0638439739956659,5.272643648133666,2.8677635536014563,0.8805161012081371,1.8836289214869195,8.1021,3.733127868359452,117.4694579644454,0.0395065844307384,107,8,0.1599999999999966,4.742354802548309,15.884751323517785,2.729088884903684,0,710,15.6419,7.816039316771472,0.0093504758724327,23,14.068089911589006,0.9493202578044552,1.4281944951596035,13.154786414402563,2.047949589311789,15.846200000000067,1.433943063254089,23.16194999999791,1.4358943411806984,0.3862520086681111,1.4732,0.2236458670088927,0.6888999999999997,0.4463179924617261,65,0.2942866811135205,0.5501,1.3572178131397383,5.204125177809388,0.1816969494915819,,0.2313786285273564,5999,2966,0.4944157359559926,1,2966,119.96,0.4235333333333377,1.396600000000035,0.3120280333333345,1.8315000000000048,0.0858148936170103,0.4732999999999947,3.0703374999999795,6.760099999999966,0.3675260636515903,0.2408781249999999,1.0,3000,29.65751689999996,7.4074,185.1852,27.23445325274853,0.0,0.4483436999999959,0.7348,0.7230295000000002,17.425472266666524,1.0,0.0,1588.3133137002917,0.9182984989801511,50,0.516714,0.1503,0.2236770777395897,0.22,0.1665719999999999,1.0,8,4.4939,0,0.0,,,0.5000833472245374,0.0078346391065177,0.0013335555925987,0.0035005834305717,0.5020836806134356,0.4944157359559926,0.0025004167361226,0.001000166694449,0.0003333888981496,0.0001666944490748,DAS,0.3675454026845629,0.2373612903225806,0.118,0.2078285714285714,0.4079568105192185,-0.0898285714285714,0.2408781249999999,0.1489666666666666,0.0919114583333333,0.4832416208104052,0.5002501250625313,0.4997501249375312,0.5667284775479803,0.0,2.941083528966036,25.008336112037345,0.3917972657552516,0.0666888962987662,0.9810333551340744,0.0163505559189012,0.0026160889470241,DAS,237.26013210000028,217.875621814674,0.9182984932455648,0.999999998180336,1.987175,0.8063735917870274,3.8,0.4057889173258658,0.0128249666666668,0.8063736233989207,1.8,0.6547948333333343,3.6,0.5503333333333333,0.24,105,,17.590000000000376,3,5.213079703975343,10.025262980070506,6.014961593572771,0.9024837472912152,0.0,0.0,0.0,1.0081784349326135,0.0433405567594599,19.56374645857965,4.153987279720121,1.2908880291065994,-1.2313888146971683,0.70763789489206,0.5278778525180717,-6.9467211208729305,4.87268981862487,33.54392321245459,2.2098879253093857,1729.626385607998,car,157.53082208705146,1,kin_stop_event_count,157.53082208705146
region_020/anomaly_stalled_vehicle,T000003,veh003,anomaly,8.333,3.524567502383225,10.845722532408804,0.0173026009605492,2.5014434549938875,7.522272920637401,0.0308384730788464,2.5127225324088034,1.0169277773341356,0.7097164271367973,2.4065117686281075,10.034,3.40781415557565,104.44110078888228,0.0365060843473912,105,6,0.1199999999999974,5.683465451223668,20.545213508016896,3.386126862809212,0,1385,20.404,7.576771348125261,0.0201969621098314,54,14.728992937672736,1.193434141860955,9.625221451372138,67.69568811468571,12.752138461238562,83.1055,1.324867020012372,21.030900000002287,1.2741583217165502,0.3213972995499249,1.7517,0.1781658863542497,0.55792,0.3674697481734203,45,0.2028599099849971,0.3202,1.590275193059482,8.147441860465117,0.2833805634272379,,0.2157388720018662,5999,2844,0.4740790131688615,1,2844,119.96,0.3446434782608529,1.2504999999999882,0.2330010666666676,1.5354999999999563,0.211731791907515,1.056699999999978,2.6307600000000093,11.1798,0.2990829022505871,0.2972733333333332,1.0,3000,78.34207913333353,21.6049,582.2474,67.15100394008802,0.0,0.3155049999999869,0.4303,0.8737627000000011,13.208420733333304,1.0,0.0,3916.246549785937,0.8571511591593228,173,0.2594820809248548,0.1688,0.1879174208549087,0.815028901734104,0.2121901734104047,1.0,20,4.39987,0,0.0,,,0.5000833472245374,0.0288381396899483,0.0033338889814969,0.0063343890648441,0.5195865977662943,0.4740790131688615,0.0038339723287214,0.0021670278379729,0.0003333888981496,0.0,DAS,0.2990626180836699,0.2961506756756756,0.18186,0.3163473684210526,0.346300984528832,-0.1344873684210525,0.2972733333333332,0.3179260869565217,-0.0206527536231885,0.4662331165582791,0.4822411205602801,0.4737631184407796,0.5757952162873208,0.0,3.5409415616779443,25.008336112037345,1.4421473824608202,0.1667222407469156,0.9395552771688068,0.0541810209834011,0.006263701847792,DAS,626.7366328666662,537.2080175795365,0.8571511371887907,0.9999999979812638,2.055703733333329,0.7693771444808742,3.8,0.374264604381161,-0.0648795,0.7715101449998546,1.8,0.6258160333333339,3.6,0.538,0.2233333333333333,121,,19.602499999996937,3,5.307974364105307,19.927925484920564,6.168345530554662,0.7596266044340724,0.0,0.0,0.0,1.1200884212798243,0.0185030838473078,19.56374645857965,5.255573413207853,1.2783181356272104,-0.5059296064680154,0.8744746385360356,0.436068269392697,-11.803210472066349,6.930876166751245,33.54392321245459,1.8257207797289623,4568.910055056012,van_truck,154.57665872735322,1,kin_stop_event_count,154.57665872735322
region_020/anomaly_stalled_vehicle,T000004,veh004,anomaly,8.333,7.723563387267406,10.401201727685123,2.6805655858419133,1.262671486956318,9.209194613523396,0.1943793911007025,2.068201727685123,0.9623659884531932,0.1634830224916495,7.344288056206095,9.7398,2.367557672045089,16.11964049172899,0.0,0,0,0.0,5.057436163285915,15.638828091963925,3.1324255634404263,0,57,7.2316,7.124768587385174,0.0585480093676815,11,8.664162439769568,0.9486293803086172,15.962231900575333,32.03057845433261,9.184094863936068,63.57680000000005,0.5753640794809554,21.738749999999023,0.2212452395449776,0.2849639344262294,1.108,0.1750785091808021,0.5024000000000002,0.3343428519094596,0,0.1837843091334895,0.3941,1.5899180228083634,5.454643628509719,0.2576112412177986,,0.2425949102954404,427,188,0.4402810304449648,1,188,8.52,0.4118200000000115,0.7193000000000893,0.3297116822429924,1.7758000000000038,0.1883586206896474,0.4895999999999958,3.1911428571428684,7.368900000000053,0.269556937799043,0.17165,1.0,214,60.39616074766358,12.9288,250.3081,45.33455944918606,0.0,0.3393696261682241,0.5562,0.8408163551401869,13.83379719626166,1.0,0.0,2643.9115070765306,0.7506198885487899,29,0.6012103448275862,0.1577,0.2657135613303861,0.2068965517241379,0.1563793103448276,1.0,7,4.362742857142857,0,0.0,,,0.5011709601873536,0.0679156908665105,0.0163934426229508,0.0257611241217798,0.5339578454332553,0.4402810304449648,0.0117096018735363,0.0117096018735363,0.0023419203747072,0.0,DAS,0.2710789215686274,0.1761173913043478,0.6575,0.2136545454545455,0.3155377659574468,-0.0375371541501976,0.17165,0.2488,-0.07715,0.4718309859154929,0.4788732394366197,0.3706293706293706,0.5833976849673704,0.0,7.720826009509689,25.11737089201878,3.403755868544601,0.8215962441314555,0.856,0.116,0.028,DAS,483.1692878504671,362.676463852228,0.7506198613444784,0.9999999979338852,1.5691817757009348,0.7048239453166074,3.4717,0.4491665377656906,0.4306018691588784,0.7049984255942608,1.7519,0.6752355140186914,3.224,0.5794392523364486,0.2523364485981308,9,0.7616822429906542,15.364999999999988,3,54.85182619986331,79.96996661926747,56.56410863470701,0.0,0.0,0.0,0.0,8.577672575584065,0.0,13.565741161954117,10.626400877848216,0.1700789483757747,5.092731573377559,2.935787588735154,0.3097908159707632,-0.0,5.963525339397752,5.072128467976868,,3522.304094803741,van_truck,6.930297888304914,0,iv_speed_ratio_to_others,6.930297888304914
region_037/anomaly_lane_weaving,T000001,veh001,anomaly,8.333,12.915131087568149,17.84539138489263,2.226395690347967,1.800884008061347,14.529508299470937,0.970125786163522,9.512391384892627,4.814836488781968,0.1394398551474899,8.686044025157223,15.7834,3.728118365241935,10.00535738246297,0.0,0,0,0.0,6.325645615108154,45.18330281254348,5.618857768502824,0,123,40.3536,9.204023049301105,0.050314465408805,9,17.39957226723899,0.8772028282556456,25.95436795864484,64.42655801886781,14.110437598780443,96.75249999999984,0.5436633102090456,30.144299999996942,0.2037988430271323,0.3296872641509434,1.6011,0.2364416967864912,0.6186,0.4055989000092077,24,0.2583121069182389,0.4721,1.3703724563388824,9.185886402753871,0.1289308176100629,,0.3133640488229487,636,292,0.4591194968553459,1,292,12.7,,,0.3177745283018841,1.946899999999914,0.0900269230769306,0.3339000000000851,3.064550000000011,6.195100000000025,0.3170393081761009,0.1907846153846154,1.0,318,30.98142201257864,10.6846,72.2265,20.59767836522923,0.0,0.4341047169811314,0.6119,0.7370248427672954,16.8981169811321,1.0,0.0,1201.256602260168,0.6648396692981507,26,0.6406192307692309,0.3725,0.1455226635798857,0.0,0.1520269230769231,1.0,9,4.424955555555555,0,0.0,,,0.5,0.040880503144654,0.0125786163522012,0.0125786163522012,0.5283018867924528,0.4591194968553459,0.0,0.0094339622641509,0.0031446540880503,0.0,DAS,0.3165769230769234,0.1839666666666667,,0.3239625,0.3558294520547944,-0.1399958333333333,0.1907846153846154,,,0.5,0.4764150943396226,0.4009433962264151,0.6015276042254676,0.0,12.913870978252412,25.03937007874016,2.047244094488189,0.6299212598425197,0.9008498583569404,0.0736543909348441,0.0254957507082152,DAS,247.8513672955976,164.78142110975347,0.6648396694670177,0.9999999978611124,1.9943040880503136,0.8438624698535893,3.1998,0.4231363085047739,0.0055949685534591,0.8438702619272356,1.1999,0.7562333333333329,2.3998,0.710691823899371,0.3616352201257861,11,,3.015000000000064,3,124.09538439458582,154.9961966135275,132.70196107751644,0.0,0.0,0.0,0.0,8.335563845040578,0.0,22.21050134257227,12.530051069423878,0.1192347369193824,1.7481456411303284,1.1565458869374612,-0.115014273496994,-0.2581207131337164,15.420814734003711,4.460079239628259,,1806.8365317735863,car,5.049028215732749,0,cov_das_lateral_change_rate_max,5.049028215732749
region_037/anomaly_lane_weaving,T000002,veh002,anomaly,8.333,12.43664817333348,15.425170739411609,10.494463119188136,0.8515951212958996,13.527850311354303,1.0,7.092170739411607,4.103648173333482,0.0684746492324097,2.635429011345216,7.3275,2.36818552807884,8.491421290545508,0.0,0,0,0.0,4.61446907720527,19.79746571180261,3.392927382429652,0,87,19.6469,6.196895361795268,0.0259319286871961,8,7.885246016738634,0.8276503022587882,6.8516910401929,14.834012317666293,4.057136028733841,28.687999999999988,0.5921364528747953,17.820499999999708,0.1227472936444901,0.2497638573743923,1.0601,0.1571107808969757,0.4467199999999999,0.2950013148612292,15,0.1503993517017827,0.2649,1.6564812661712711,6.024342105263158,0.2917341977309562,,0.2816138876830768,617,251,0.406807131280389,1,251,12.32,0.3514444444444456,1.2019000000000233,0.2427799352750787,0.878400000000056,0.0982015151515104,0.5276000000001204,3.6016999999999624,6.995599999999968,0.2418920000000002,0.1629087719298245,1.0,309,126.85045987055024,27.4348,403.2404,93.50894029060994,0.0,0.3076093851132674,0.3818,0.9076563106796116,12.888132686084106,1.0,0.0,5453.441397748376,0.7371588592271173,80,0.5707600000000002,0.1554,0.2094451401541158,0.125,0.16157125,1.0,16,4.48236875,0,0.0,,,0.5008103727714749,0.1069692058346839,0.0145867098865478,0.0291734197730956,0.5640194489465153,0.406807131280389,0.0145867098865478,0.0097244732576985,0.0048622366288492,0.0,DAS,0.2410500000000002,0.1627203703703703,,0.2451388888888889,0.2790286852589642,-0.0824185185185185,0.1629087719298245,0.2460777777777777,-0.0831690058479532,0.4585365853658537,0.3804878048780488,0.3816425120772946,0.6196323381362192,0.0,12.489486606060373,25.08116883116883,5.357142857142857,0.7305194805194805,0.762962962962963,0.1975308641975308,0.0395061728395061,DAS,1014.803669579288,748.0714976679772,0.7371588417472994,0.9999999937275807,0.8338038834951458,0.5570855739813375,2.0,0.6681254249454222,-0.3299954692556632,0.8520989540991158,1.8,0.7665145631067964,3.1500000000000004,0.6148867313915858,0.3656957928802589,5,0.6343042071197411,17.174999999999986,3,3.472327900702947,133.94800462254094,31.103099222058194,0.0324149108589951,0.012965964343598,0.0,0.0,1.326009381823136,0.0016207455429497,8.454313051233402,10.993028634135724,3.599920136414541,1.1101684221507728,1.0980153098348893,0.36936503024165,0.0,19.065339330848243,179.9974918594155,,7397.918819650492,van_truck,2.262544075706773,0,cov_das_lateral_consistent_side_frac,2.262544075706773
region_037/anomaly_lane_weaving,T000003,veh003,anomaly,8.333,10.596950365907617,14.47854973538441,2.034426582602577,1.8008532760005491,13.025264674850888,0.8784227820372399,6.14554973538441,2.641012903363518,0.1699407106590055,7.113423220153342,13.0184,5.404860636301575,12.361947362926392,0.0,0,0,0.0,5.97272846500568,44.360764238795525,5.578482361101176,0,183,28.435,25.0686293988553,0.0657174151150054,23,23.004825617567207,1.0731723515002445,35.440152411618,77.50743439211374,18.46400006284616,126.65749999999991,0.5209909892146313,20.015049999998364,0.1868786861630882,0.2955604600219058,2.2567,0.2070481944558313,0.5272600000000001,0.3608018658591554,18,0.1766040525739321,0.5226,1.7440684380323273,20.779926335174952,0.3088718510405257,,0.269811012827641,913,400,0.4381161007667031,1,400,18.24,0.219562499999995,0.7016999999998461,0.2806690789473776,1.098700000000008,0.1320111111111196,0.6195999999999913,2.5064400000000204,13.995300000000045,0.2814421874999998,0.2324872727272726,1.0,456,106.37219583333324,16.0001,529.4155,103.78553019806375,0.0,0.3185725877192984,0.5,0.8803206140350874,13.288040789473747,1.0,0.0,6052.7721211510725,0.9756828782652704,71,0.5313943661971829,0.1662,0.2214743673574399,0.2253521126760563,0.1694028169014084,1.0,13,4.4417307692307695,0,0.0,,,0.4994523548740416,0.0690032858707557,0.0109529025191675,0.0175246440306681,0.5443592552026287,0.4381161007667031,0.008762322015334,0.0076670317634173,0.0010952902519167,0.0,DAS,0.2829392290249432,0.2317833333333332,0.3854499999999999,0.2368312499999999,0.3199849999999999,-0.0050479166666666,0.2324872727272726,0.2761125,-0.0436252272727273,0.4375,0.3848684210526316,0.4918032786885246,0.5814838074520493,0.0,10.617386759378098,25.0,3.4539473684210527,0.5482456140350876,0.8444444444444444,0.1314814814814814,0.024074074074074,DAS,850.9775739035082,830.2842456298341,0.9756828747216546,0.9999999961109716,1.3376572368421051,0.7604535999111598,3.3505,0.5684966065794346,0.2670798245614035,0.5706824806334494,1.6366,0.5341035087719301,2.9873000000000003,0.4890350877192982,0.094298245614035,16,,15.782500000000336,3,3.472327900702947,35.79973475735898,21.69522829966818,0.0219058050383351,0.008762322015334,0.0,0.0,1.3086079230877048,0.044906900328587,28.8661412518877,3.365556994394873,3.599920136414541,-1.3427619877503805,0.8875381627314501,0.4387595773993994,-0.0,17.806367039011096,179.9974918594155,,6203.626460999995,van_truck,3.463933606552487,0,kin_decel_max_mps2,3.463933606552487
region_037/anomaly_lane_weaving,T000004,veh004,anomaly,8.333,10.467357800072358,16.265231570746234,5.910161080715144,1.7814445969287824,12.945048749232273,0.8344125809435707,7.932231570746234,2.574171797962286,0.1701904750897564,7.699941165587413,15.3801,2.694795804315941,11.611503330307132,0.0,0,0,0.0,4.52552370076732,42.861329099434144,5.451096819811897,0,78,32.6976,5.891241241861139,0.0425531914893617,14,25.47290209200445,0.7445586113827083,33.544548236677386,81.40023746531006,18.62558881139413,141.96339999999998,0.5552493561689716,24.2889000000019,0.930691764074526,0.3339158186864021,1.9666,0.2317111380167534,0.6122,0.4063744067081269,32,0.2345145235892693,0.4914,1.5454631533746797,8.016532618409293,0.2451433857539315,,0.2593788824660882,1081,459,0.4246068455134135,1,459,21.6,0.35214615384618,1.422800000000052,0.4542480591497189,2.054300000000012,0.1329436170212733,0.7783999999999196,3.2747416666667,7.123299999999972,0.3335107954545456,0.2283987654320987,1.0,541,26.060442144177443,5.5136,216.1363,35.55860158186293,0.0,0.5234258780036979,0.8518,0.659458225508318,19.78451441774484,1.0,0.0,2073.7776442542468,1.3644665499202824,113,0.5168265486725665,0.1581,0.2304478349779353,0.2566371681415929,0.1742619469026548,1.0,16,4.45279375,0,0.0,,,0.5004625346901017,0.0869565217391304,0.0111008325624421,0.0222016651248843,0.5531914893617021,0.4246068455134135,0.0120259019426456,0.0064754856614246,0.005550416281221,0.0009250693802035,DAS,0.3352432950191573,0.2327934210526315,,0.2033333333333332,0.3559775599128536,0.0294600877192982,0.2283987654320987,0.2288692307692307,-0.000470465337132,0.4138888888888888,0.3777777777777777,0.481994459833795,0.5786381742772964,0.0,10.462447947536983,25.04629629629629,4.351851851851851,0.5555555555555555,0.8074626865671641,0.1686567164179104,0.0238805970149253,DAS,208.48353345656184,284.4688147432432,1.3644665841319938,0.9999999978499896,2.686732902033275,1.001774095398632,4.9338,0.3728595777572479,-0.445337153419594,0.9175395649994008,1.8,0.8628022181146029,3.6,0.6857670979667283,0.3844731977818854,11,0.744916820702403,16.36749999999962,3,20.67748349703143,50.12837106389254,25.487492154646176,0.0,0.0,0.0,0.0,1.3086079230877048,0.0438116100766703,28.8661412518877,4.487631253505509,0.571956009249849,-1.5155520755307244,0.8735238693052051,0.5909853292722266,1.2707178677896072,10.87403947700311,19.781566432786864,,1519.844985848429,car,1.8701956631801748,0,cov_das_amplitude_cv,1.8701956631801748
region_062/anomaly_tailgating,T000001,veh001,anomaly,8.333,12.743989126365165,15.82571855082732,0.0,1.7963157575015782,14.443628239375023,0.9823594266813672,7.49271855082732,4.555896800603093,0.1409539618788048,12.507314002205083,15.768,2.203379611407838,9.280394144852238,0.0022050716648291,1,2,0.0399999999999991,4.696324605714802,19.81576337616091,3.1287240395870404,0,130,11.6782,9.359599113209535,0.0254143646408839,8,6.469370240320101,0.9285063253757572,57.185297224211055,119.98673561190742,32.82780528941767,228.0265,0.574060237209348,23.26150000000036,0.1295732810295355,0.2575797133406838,0.8535,0.1587666054193568,0.49046,0.3025332250881699,11,0.1528097023153251,0.3053,1.6763161495458505,5.236941710825133,0.3241455347298787,,0.2897381257632688,907,353,0.3891951488423373,1,353,18.12,0.4717200000000162,0.8512000000000057,0.287230616740088,1.443300000000022,0.1924223300970891,0.5853999999999928,3.364638461538461,7.769100000000037,0.2516879732739422,0.1882326530612245,1.0,454,133.8241574889869,22.5371,331.1633,77.948189076267,0.0,0.3036830396475762,0.4213,0.9212255506607946,12.774370704845897,1.0,0.0,4545.938386927892,0.5824672505984715,122,0.5351418032786884,0.1504,0.1889622314968218,0.1393442622950819,0.1685368852459016,1.0,23,4.45828695652174,0,0.0,,,0.5005512679162073,0.113561190738699,0.0143329658213891,0.0176405733186328,0.5931642778390298,0.3891951488423373,0.0055126791620727,0.0099228224917309,0.0022050716648291,0.0,DAS,0.2509200000000001,0.1889125,0.33105,0.2796437499999999,0.2831388101983001,-0.0907312499999999,0.1882326530612245,0.312,-0.1237673469387754,0.423841059602649,0.3708609271523179,0.3729372937293729,0.608817481598404,0.0,12.690554274953998,25.05518763796909,5.6843267108167765,0.717439293598234,0.7579298831385642,0.2036727879799666,0.0383973288814691,DAS,1070.5932583700446,623.5855121456223,0.5824672510034463,0.9999999912842767,0.5737420704845813,0.4251985467571086,1.9852,0.7410970340696594,-0.0831592511013216,0.6560406670418248,1.8,0.519613436123348,3.5852,0.4295154185022026,0.1277533039647577,23,,17.152499999999982,3,4.116914538826374,69.51343796336094,15.92083649486243,0.0222965440356744,0.007803790412486,0.0,0.0,1.1386575580505105,0.0301003344481605,16.5582172331167,5.163214416110439,1.2887652518364994,1.0096884083855322,1.0860458950773657,-0.4321360953359242,-0.0454959554305519,10.019369247964253,67.60716717963182,9.588946069606768,7804.624864757718,van_truck,2.078979740020636,0,kin_lateral_vel_mean_mps,2.078979740020636
region_062/anomaly_tailgating,T000002,veh002,anomaly,8.333,10.184028241459874,15.824808068346355,3.7666197498553,1.815785421257318,12.783082170284397,0.8617614269788183,7.491808068346357,2.2374863702075314,0.1782973670345032,4.668164325529542,15.7232,5.980422171915782,10.867938167561087,0.0,0,0,0.0,5.396496302251664,45.69875714119587,5.624074798573642,0,137,39.4413,14.681778254562234,0.0445930880713489,16,25.781279314475512,0.8678573967821005,9.896147485300322,46.43353199554065,10.362633933923652,66.68169999999998,1.0471381867859433,24.85250000000015,0.1777522292165457,0.3026548494983278,1.3222,0.1924380953379086,0.57086,0.3585960034807618,11,0.1906110367892976,0.3856,1.6614069084763163,10.37794533459001,0.2876254180602006,,0.2493740091818489,897,371,0.4136008918617614,1,371,17.92,0.2383142857142713,0.5045999999999822,0.2824625835189319,1.5883999999999787,0.1344634146341457,0.5889000000000237,3.2892266666666616,7.345199999999977,0.2947251131221718,0.2022453333333332,1.0,449,59.85392004454343,8.6452,355.0791,70.20936908393553,0.0,0.393795100222717,0.6802,0.7897469933184855,15.58668663697104,1.0,0.0,4094.6104049751234,1.1730120438508551,89,0.5938988764044941,0.151,0.2095823945668136,0.1123595505617977,0.1598191011235955,1.0,18,4.438922222222221,0,0.0,,,0.5005574136008919,0.0914158305462653,0.0167224080267558,0.0222965440356744,0.5641025641025641,0.4136008918617614,0.007803790412486,0.0111482720178372,0.0033444816053511,0.0,DAS,0.2955076388888887,0.201436111111111,0.33145,0.214855,0.335198652291105,-0.0134188888888889,0.2022453333333332,0.1461285714285714,0.0561167619047618,0.4247491638795986,0.411371237458194,0.4046822742474916,0.5976050849863915,0.0,10.23725296031231,25.055803571428573,4.575892857142857,0.8370535714285714,0.8075539568345323,0.1600719424460431,0.0323741007194244,DAS,478.8313570155898,561.6749658814155,1.173012079622698,0.999999997139259,1.6720512249443225,0.9337934452527142,3.7992,0.5584717928027645,0.0146037861915366,0.7671256957845656,1.8,0.6390697104677062,3.6,0.5634743875278396,0.2026726057906459,12,,14.969999999999986,3,13.551509562037726,69.85855177967105,18.127509370026303,0.0,0.0,0.0,0.0,1.1386575580505105,0.0301003344481605,16.5582172331167,7.401638862326012,0.9329621510230192,-2.403592771488184,0.809051069378736,-0.1825666168589709,-0.550504015488342,15.769322261601928,26.72644433039859,,3490.680616997773,van_truck,1.6890785119956195,0,kin_lateral_accel_max_mps2,1.6890785119956195
region_062/anomaly_tailgating,T000003,veh003,anomaly,8.333,12.442092955531368,14.97245928530113,10.832823988231324,0.7229645145192716,13.346024943848349,1.0,6.639459285301129,4.109092955531377,0.0581063424862023,12.223152066115702,14.8012,2.1510181944119005,7.746903665143791,0.0,0,0,0.0,3.5759200226595342,11.644373529735295,2.495411748133095,0,40,6.0475,5.300067376521715,0.0413223140495867,9,6.126460479417122,0.6630597824293902,37.26042909090909,74.47457999999995,21.361532396127465,147.3499,0.57330344596969,22.14410000000037,1.6504606138265252,0.279055041322314,0.8976,0.1721736680854343,0.52066,0.3278208201124106,0,0.1964087603305785,0.5035,1.5096267429384618,5.898343373493976,0.2363636363636363,,0.2756267560073337,605,248,0.4099173553719008,1,248,12.08,0.4278750000000002,0.7484999999999786,0.3910678807946996,1.7309999999999943,0.1939593220338993,0.5460999999999672,2.8820222222222154,4.9640999999999735,0.2812010067114094,0.2080472727272727,1.0,302,99.40669900662245,6.9287,554.0897,132.8934835917231,0.0,0.4513033112582779,0.7598,0.7592956953642386,17.563093708609266,1.0,0.0,7750.347963069285,1.336866478011403,69,0.5091478260869565,0.15,0.2249690204873287,0.2463768115942029,0.1744913043478261,1.0,16,4.47701875,0,0.0,,,0.4991735537190083,0.0975206611570247,0.0148760330578512,0.0214876033057851,0.5685950413223141,0.4099173553719008,0.0066115702479338,0.0099173553719008,0.0049586776859504,0.0,DAS,0.2827702054794521,0.2085807692307692,,0.1802846153846154,0.2946350806451612,0.0282961538461538,0.2080472727272727,0.129575,0.0784722727272727,0.4577114427860697,0.3880597014925373,0.3842364532019704,0.6158736763663453,0.0,12.478070247158296,25.0,4.8841059602649,0.7450331125827815,0.7803617571059431,0.1782945736434108,0.041343669250646,DAS,795.2535718543046,1063.147863167232,1.336866504966805,0.9999999958771318,2.545225827814571,1.912534795183046,5.6,0.7514204729036645,0.4094211920529798,0.9734236091949428,1.8,0.929834437086092,3.6,0.7516556291390728,0.4403973509933774,2,0.7086092715231788,15.114999999999988,3,4.116914538826374,132.38517597389634,30.452249264337897,0.0330578512396694,0.0115702479338842,0.0,0.0,,0.0,0.0,10.7590731253985,2.997763742142833,0.607160180607142,1.0513023767987588,-0.0981161594531971,0.0274255022085705,17.57857844508671,67.60716717963182,,5797.398686066222,van_truck,4.249454791229366,0,cov_das_fiber_dist_std_m,4.249454791229366
region_062/anomaly_tailgating,T000004,veh004,anomaly,8.333,12.576780956947648,14.729910525525945,11.07499622799033,0.4907629953164932,13.173182518291568,1.0,6.396910525525945,4.243780956947643,0.0390213518861825,12.42800354906053,14.484,1.9941422902900527,8.825591119804669,0.0,0,0,0.0,3.463780956110289,11.548573477707103,2.2187523943172924,0,15,6.5964,4.441924958475396,0.0104384133611691,3,6.016697166366714,0.4820889775367918,29.879688808016,59.76346096033399,17.20789677227606,119.27289999999994,0.5759061576190043,22.61215000000212,2.084290181721515,0.2886507306889352,0.8874,0.1817631357718489,0.56058,0.3410104240810559,4,0.1842810020876826,0.4719,1.640316014175629,6.817073170731707,0.2964509394572025,,0.261080183219366,479,190,0.3966597077244259,1,190,9.56,0.3167133333333254,0.7531000000000176,0.533382916666666,2.657800000000009,0.1866765625000006,0.5620999999999867,3.849199999999988,7.147699999999986,0.3012231111111111,0.2039714285714286,1.0,240,52.039763333333326,4.8963,375.1221,82.20317957486942,0.0041666666666666,0.5700208333333336,0.9039,0.6429799999999994,21.37265999999997,1.0,0.0,4794.089432806387,1.5796224715383242,86,0.5371651162790697,0.1555,0.1889557475535363,0.1744186046511628,0.1682860465116279,1.0,14,4.527428571428572,0,0.0,,,0.5010438413361169,0.1336116910229645,0.0146137787056367,0.0438413361169102,0.5594989561586639,0.3966597077244259,0.0313152400835073,0.0104384133611691,0.0062630480167014,0.0020876826722338,DAS,0.2997122171945701,0.2074404255319149,,0.2264333333333333,0.30275,-0.0189929078014184,0.2039714285714286,0.1980933333333333,0.0058780952380952,0.4213836477987421,0.3773584905660377,0.391304347826087,0.5897822012013094,0.0,12.594290070885055,25.10460251046025,6.694560669456066,0.7322175732217573,0.7058823529411765,0.2529411764705882,0.0411764705882352,DAS,416.3181204166667,657.6254356486761,1.5796224170845603,0.9999999974882596,2.968751666666667,1.6783608041880824,5.4883,0.5653422692887468,0.0461516666666666,0.5883709714804873,1.6891,0.4575283333333332,3.0723000000000003,0.3833333333333333,0.0916666666666666,14,,13.839999999999987,3,91.62198562337537,103.54012588627972,91.91318152540394,0.0,0.0,0.0,0.0,24.603008734583923,0.0,3.726114705844042,8.242708628978475,0.1597147831603023,0.7867441824955144,1.0667295783334885,0.035351480874962,3.534427461142601,10.812773467280769,5.868191535378299,,3034.9589976,van_truck,3.4100904030485517,0,cov_das_fiber_dist_std_m,3.4100904030485517
region_083/anomaly_lane_straddling,T000001,veh001,anomaly,8.333,7.359601407594643,9.998082249111576,5.074524056500274,0.6823256598916333,8.147411724449821,0.0212483399734395,1.6650822491115758,0.9069382704719554,0.0927123117275775,7.157473439575034,9.8875,2.43870250885667,8.733093535475835,0.0,0,0,0.0,1.8077125545692407,7.515785971540168,1.356352754750318,0,0,7.2801,7.509601932640733,0.0265604249667994,7,7.58939610763746,0.5182300032530686,27.25738610074972,55.16952204515269,15.6727640335056,107.7589,0.5749914527965143,18.088750000000125,2.119532291828848,0.1598274900398406,0.662,0.0938791984991668,0.2802,0.1853278884259454,7,0.1878786188579017,0.4942,0.9200069667153236,3.22147001934236,0.0637450199203187,,0.1704010064342537,753,289,0.3837981407702523,1,289,15.04,0.2965230769230734,0.6965000000000146,0.4197846153846167,2.2153000000000134,0.1071270000000021,0.455600000000004,3.56971666666666,8.288900000000012,0.1624719780219779,0.1209862068965517,1.0,377,75.76057506631285,8.642,216.0494,97.16495532498544,0.0,0.5572320954907134,0.6803,0.663305305039779,20.982911671087383,1.0,0.0,5666.660194553127,1.2825266339377248,130,0.5365046153846151,0.1815,0.1832899566140692,0.1538461538461538,0.1683176923076923,1.0,24,4.547408333333334,0,0.0,,,0.50066401062417,0.1328021248339973,0.0159362549800796,0.0318725099601593,0.5843293492695883,0.3837981407702523,0.0172642762284196,0.0106241699867197,0.0066401062416998,0.0013280212483399,DAS,0.1620260504201679,0.1225072289156626,,0.1444291666666667,0.1691086505190309,-0.021921937751004,0.1209862068965517,0.1393923076923077,-0.0184061007957559,0.4103585657370518,0.3864541832669322,0.3545816733067729,0.6021833813938697,0.0,7.380075234525835,25.066489361702125,6.648936170212766,0.7978723404255319,0.7099811676082862,0.2448210922787194,0.0451977401129943,DAS,606.0844328912382,777.319689447273,1.28252706597195,0.9999999999999992,2.635013262599457,1.6865060705160464,3.8,0.6400370330023681,0.0,0.0,0.0,0.0,0.0,0.0,0.0,0,,0.0,3,3.678590126665388,91.67550636041518,22.574203605734667,0.0438247011952191,0.0159362549800796,0.0,0.0,0.8993557265451144,0.0026560424966799,4.751743420701354,12.817644880714736,2.028989235109598,-0.2490881279002774,0.9672626768725062,0.0193757416359837,0.0032737178497763,12.233920472433534,63.98905606626489,,4418.356737867366,van_truck,6.235104239509595,0,cov_das_lateral_change_rate_max,6.235104239509595
region_083/anomaly_lane_straddling,T000002,veh002,anomaly,8.333,7.538101325953745,11.996593318521722,2.057548837816493,0.8862741119277218,8.41647721673794,0.0509803921568627,3.6635933185217215,1.2281945471247555,0.1175725920367072,3.6858643137254887,8.7071,5.669495109903748,12.5035021054441,0.0,0,0,0.0,5.242880149028897,26.740737565370186,4.550471085716381,0,123,25.7929,5.374054795252586,0.0209150326797385,7,19.194622220697056,0.8537633288548432,5.882378059720608,26.12311843137257,5.652277081880173,36.66699999999997,0.960883000802678,18.949499999999663,0.7205085522925534,0.272289411764706,2.8071,0.1965839979540981,0.5025000000000001,0.3357622303360839,12,0.1473891503267973,2.2881,1.947081634401993,17.93674121405751,0.3843137254901961,,0.1977887862192348,765,290,0.3790849673202614,1,290,15.28,0.2583214285714226,0.7023999999999546,0.3107565445026182,3.133399999999994,0.1507019047619066,0.9121000000000096,4.669246666666675,12.403700000000017,0.2766698369565216,0.2062428571428571,1.0,382,143.46456361256543,6.3406,430.6969,112.16757088539164,0.0,0.36721387434555,0.7943,0.864760994764398,14.824556544502729,1.0,0.0,6541.612734036042,0.7818486186477854,165,0.5307842424242424,0.1502,0.1911093592402244,0.1696969696969697,0.1755066666666667,1.0,29,4.486465517241378,0,0.0,,,0.4993464052287582,0.1372549019607843,0.0196078431372549,0.0352941176470588,0.5856209150326798,0.3790849673202614,0.0183006535947712,0.0117647058823529,0.0052287581699346,0.0,DAS,0.2778551532033425,0.2019988505747126,0.60965,0.2028518518518519,0.2906248275862069,-0.0008530012771393,0.2062428571428571,0.15845,0.0477928571428571,0.392156862745098,0.3568627450980392,0.388235294117647,0.5944317927224942,0.0,7.536973498032327,25.0,6.8717277486911,0.981675392670157,0.6631944444444444,0.2864583333333333,0.0503472222222222,DAS,1147.7165020942407,897.3405568977897,0.7818486144099266,0.9999999933931945,1.224794764397905,1.4545558785792738,5.0891,1.1875915221554012,0.410254973821989,0.6437866806216175,1.7484,0.6584403141361257,3.0493,0.6047120418848168,0.2015706806282722,10,0.7670157068062827,21.91499999999997,3,3.678590126665388,78.99337318924121,22.574203605734667,0.0438247011952191,0.0159362549800796,0.0,0.0,0.8993557265451144,0.0026560424966799,6.999726310449072,10.74779489087159,2.1420770278978094,-0.0110882367548068,0.9985312017054676,-0.0300158849431973,-0.0292206840375058,12.264498654309104,63.98905606626489,,8366.853349884817,bus_hgv,4.179542646661621,0,cov_das_fiber_dist_cv,4.179542646661621
region_083/anomaly_lane_straddling,T000003,veh003,anomaly,8.333,7.509094959506638,10.144447518223949,5.4770698051056455,0.6959959498392418,8.294887081968842,0.0490956072351421,1.811447518223947,0.8682427920759859,0.0926870619685132,1.6497341085271326,4.3661,2.5820719225529665,13.891726553603323,0.0,0,0,0.0,3.8885703057453305,14.454009233773167,2.689343314376107,0,34,13.9562,5.181765936528695,0.041343669250646,6,10.483830751228563,0.7649041095285177,2.11532337800212,5.40095193798453,1.354962485471816,9.401400000000024,0.6405462633101283,14.181250000000349,0.168444019109687,0.2038170542635657,0.7369,0.1296154298553422,0.3825800000000001,0.2414500776558167,0,0.1302418604651163,0.2301,1.594314652600597,5.9415041782729805,0.2661498708010336,,0.1857179677250697,387,148,0.3824289405684754,1,148,7.720000000000001,0.2521444444444367,0.63900000000001,0.2274170103092783,1.028800000000018,0.1214725806451578,0.3390999999999735,3.0478125000000027,9.030599999999993,0.2045988636363636,0.1536477272727272,1.0,194,117.87751185567006,28.3554,289.2665,75.00934059298147,0.0,0.3061536082474215,0.3756,0.9093046391752576,12.801415463917492,1.0,0.0,4374.544743382681,0.6363329138200959,99,0.532978787878788,0.154,0.1703340543040604,0.1111111111111111,0.1713919191919192,1.0,18,4.44681111111111,0,0.0,,,0.5012919896640827,0.1602067183462532,0.020671834625323,0.0620155038759689,0.5555555555555556,0.3824289405684754,0.0465116279069767,0.0155038759689922,0.0051679586563307,0.0025839793281653,DAS,0.2072549707602339,0.1542651162790697,0.4273,0.1394166666666666,0.2231749999999999,0.014848449612403,0.1536477272727272,0.1472277777777778,0.0064199494949494,0.4031007751937984,0.3875968992248062,0.3565891472868217,0.6004449616071043,0.0,7.534534022089129,25.12953367875648,8.031088082901553,1.0362694300518134,0.6237942122186495,0.3183279742765273,0.0578778135048231,DAS,943.0200891752576,600.0747445637713,0.6363329386636737,0.9999999921540732,0.623520618556701,0.440558336738827,1.6,0.7065657872848097,0.7804824742268046,0.4961634753815064,1.8,0.7908340206185572,2.0295,0.6804123711340206,0.3041237113402061,4,0.9587628865979382,12.99499999999999,3,46.32816892744631,73.18732926605391,54.69867289847963,0.0,0.0,0.0,0.0,29.13800931050355,0.0,1.837419569374664,9.937268823809848,0.1846964338135972,-0.049763392017617,0.993416546559894,0.101766236113747,0.0,12.068861481610169,4.909797567722745,,6874.616491422679,van_truck,2.838427989096045,0,cov_das_lateral_consistent_side_frac,2.838427989096045
region_083/anomaly_lane_straddling,T000004,veh004,anomaly,8.333,7.778872321024375,11.473472926712295,4.548959531585218,0.8652227967802018,8.822520237052741,0.1048951048951049,3.140472926712296,1.1940142773931706,0.1112272783346395,1.6363342657342663,5.5089,2.2732034483791885,13.044300578487638,0.0,0,0,0.0,4.547910243963027,13.201582220324957,2.845145791956713,0,46,12.5582,6.7400359111456165,0.0582750582750582,7,7.770445646379372,0.9020900568016312,2.917256422210268,5.371535897435848,1.5008076750645192,10.484400000000022,0.5144586069425559,17.131000000001,0.182818821069358,0.2529044289044291,0.9692,0.1665427296464663,0.4887799999999999,0.302708568025712,4,0.1341897435897435,0.2052,1.9269538977550944,6.985531914893617,0.3892773892773892,,0.2111398654191955,429,173,0.4032634032634032,1,173,8.56,0.3032833333333353,0.9635999999999854,0.2517376744186025,0.845799999999997,0.1279847457627131,0.6528000000000134,2.6056111111111084,8.01830000000001,0.2501375634517768,0.1962439024390244,1.0,215,269.689494883721,67.1393,712.8025,175.74293385483517,0.0,0.2999999999999988,0.3,0.9583051162790696,12.62891860465112,1.0,0.0,10249.327902413992,0.6516491639046172,86,0.6010802325581396,0.1575,0.1786768998662883,0.0813953488372093,0.1598499999999999,1.0,15,4.476253333333333,0,0.0,,,0.5011655011655012,0.1375291375291375,0.0209790209790209,0.0606060606060606,0.5361305361305362,0.4032634032634032,0.0419580419580419,0.0163170163170163,0.0069930069930069,0.0023310023310023,DAS,0.2533607329842934,0.2001179487179487,,0.1467384615384615,0.2802560693641617,0.0533794871794872,0.1962439024390244,0.1493666666666666,0.0468772357723578,0.4125874125874126,0.3986013986013986,0.3986013986013986,0.5842175269090766,0.0,7.785389415811858,25.11682242990654,6.892523364485981,1.0514018691588785,0.680379746835443,0.2721518987341772,0.0474683544303797,DAS,2157.51595627907,1405.943480028353,0.651649169006886,0.9999999923950996,0.6271251162790694,0.4145688507148689,1.5832,0.6610624259073473,0.1144795348837209,0.7480929766604913,1.7832,0.6007697674418603,3.1226,0.4744186046511628,0.2465116279069767,4,,19.997499999999985,3,30.97198309198166,40.17790652984692,31.632765577975544,0.0,0.0,0.0,0.0,4.711263292583396,0.0,6.999726310449072,5.216157653473652,0.2687314585098367,0.3099397566726996,1.0414971957508363,0.0192405622764395,-1.781015753938623,12.476803197680397,5.72018703783556,,15728.291341618611,bus_hgv,1.8572650583457329,0,cov_das_fiber_dist_max_m,1.8572650583457329
region_120/anomaly_collision,T000001,veh001,anomaly,8.333,2.5651745273618074,20.71017518636673,0.0,2.1154621130119327,4.618332927043925,0.0196699449908318,12.377175186366726,4.542119163761006,0.8246854513979646,1.889861693615607,9.7289,3.9678692898484695,113.08424937203584,0.0346724454075679,104,4,0.0799999999999983,5.182285606517582,21.09098680147517,3.1261149727184536,0,1041,20.3585,9.61326002411145,0.0190317195325542,32,17.94544928607762,1.0556185976189003,0.8786724711050232,17.16139654942492,1.6004021281433698,20.4674,1.821386444633568,22.36120000000447,1.5106164424343176,0.38133692282047,1.8524,0.2200252544432044,0.6747199999999998,0.4402509414359478,73,0.2731654609101523,0.5075,1.4339377403431588,7.10276073619632,0.2147024504084014,,0.2304839675321998,5999,2926,0.4877479579929988,1,2926,119.96,0.1688000000000329,0.1688000000000329,0.2893968333333309,1.6667999999999663,0.6730999999999767,0.6730999999999767,3.3317521367521263,11.123500000000035,0.3588427809269752,,,3000,35.71491553333331,8.6466,216.6244,28.471319440008312,0.0,0.405250499999995,0.6802,0.7639891666666662,16.039835666666626,1.0,0.0,1660.4473497412855,0.7971828860531833,1,0.1649,0.1649,,1.0,0.2252,1.0,117,4.107691452991453,0,0.0,,,0.5000833472245374,0.0001666944490748,0.0195032505417569,0.007501250208368,0.5047507917986331,0.4877479579929988,0.0001666944490748,0.0073345557592932,0.0,0.0,DAS,0.3591922504230118,,0.4210178082191782,0.3446733333333333,0.4032749487354747,0.0145189170896785,,0.7539,,0.488744372186093,0.4842421210605303,0.4902548725637181,0.5786913990945987,0.0006835269993164,2.611693005381831,25.008336112037345,0.0083361120373457,0.9753251083694564,0.9621552277100706,0.0003207184092366,0.0375240538806927,DAS,285.7193279000008,227.7705578947533,0.7971828842271075,0.9999999979634951,1.8909456333333376,0.7649754794255206,3.7988,0.4045465220896014,0.1078660666666664,0.7649801082798713,1.8,0.6236241333333337,3.6,0.5243333333333333,0.223,116,,18.6925000000004,3,5.066215314216306,6.9796555869700665,5.960373404311987,0.9663277212868812,0.0,0.0,0.0,0.9468582357070447,0.0488414735789298,20.634096136627573,4.061883891624307,1.5914572668741562,-2.570695209328636,0.4994625368000098,0.3133685441681715,-6.374737899907435,6.272641454938228,23.68161975306428,3.092998804091216,2082.893873903999,car,153.09957704750408,1,kin_stop_event_count,153.09957704750408
region_120/anomaly_collision,T000002,veh002,anomaly,8.333,1.4690249947583771,4.838326649782959,0.0,0.7639293271282597,2.5080423966035896,0.0,0.0,0.0,0.520024730589359,0.9396715285880944,3.881,2.9006645656388548,125.4830922938496,0.0846807801300216,214,8,0.1599999999999966,3.3815470695092054,10.965310688256857,1.7728465630269066,0,68,9.1426,2.613460200977181,0.0,0,7.773666028323521,0.8235541704138866,0.2003850533959926,1.030264494082303,0.154848220370318,2.0201000000000136,0.7727533453521274,19.875749999999567,1.5683845315222815,0.3179594599099844,1.162,0.1684357957280336,0.54358,0.3598112091144005,38,0.2808109684947524,0.4733,1.1329199110749977,4.044535928143713,0.0820136689448241,,0.2148225913835291,5999,2926,0.4877479579929988,1,2926,119.96,,,0.2844930666666674,1.5283999999999196,,,3.1288277310924304,11.094100000000026,0.3057995666666657,,,3000,23.168899999998985,23.1689,23.1689,1.016245500503901e-12,0.0,0.4154999999999943,0.4155,0.7433000000000412,16.298165466666088,1.0,0.0,1.1370579026617074e-11,8.415107155564711e-15,0,,,,,,,119,4.0,0,0.0,,,0.5000833472245374,0.0,0.0198366394399066,0.0076679446574429,0.5045840973495582,0.4877479579929988,0.0,0.0076679446574429,0.0,0.0,DAS,0.3053681110358826,,0.3233041095890411,0.3335065217391305,0.3302935406698565,-0.0281384107032479,,,,0.488744372186093,0.4842421210605303,0.4902548725637181,0.5786913990945987,0.0,1.500221198785802,25.008336112037345,0.0,0.991997332444148,0.9618467457518436,0.0,0.0381532542481564,DAS,185.3509000000052,5.145187009544226e-12,2.7759169281314966e-14,-1.0,1.9988000000000523,5.2633344322426697e-14,1.9988,2.6332471644199173e-14,0.0,0.0,0.0,0.0,0.0,0.0,0.0,0,,0.0,3,5.066215314216306,7.145946571830801,6.052702086329196,0.9663277212868812,0.0,0.0,0.0,1.0887080745203732,0.028004667444574,20.634096136627573,6.457466573982548,0.9088537247348812,-4.032227919466544,0.2670346224148013,-0.0468402585938367,-8.800707397184523,6.44337501508734,23.68161975306428,3.639080988183285,1351.210247999941,car,315.5785618309075,1,kin_stop_event_count,315.5785618309075
region_120/anomaly_collision,T000003,veh003,anomaly,8.333,3.782495903946821,16.4380515937869,0.0156464053379682,3.708577473807956,11.525701530756036,0.1411901983663944,8.105051593786898,3.8281748778701927,0.9804577633351208,2.334890365060839,11.3717,3.004570693162753,107.35917533417192,0.0353392232038673,105,4,0.0799999999999983,5.013425641582493,16.423533298897652,2.769300158836555,0,847,15.1222,7.7688566867579745,0.0215358931552587,45,16.11726043944138,1.0395409590579694,13.323336846322745,95.59845839306551,17.026070052093868,105.74850000000004,1.2779133522240025,22.06620000000092,1.314807894981254,0.3677158693115516,1.2787,0.2036147433253305,0.63812,0.4203177527346154,44,0.2629653775629264,0.4512,1.4318539617632082,5.054300816914945,0.2157026171028504,,0.2340662433810305,5999,2907,0.4845807634605767,1,2907,119.96,,,0.2782704666666669,1.4642000000000053,0.077886956521742,0.2086000000000467,3.2954441441441547,10.973100000000043,0.3460115333333337,0.1727260869565217,1.0,3000,37.74116223333338,10.4993,263.037,32.249867984388935,0.0,0.3936568333333283,0.6172,0.7745303666666652,15.65868066666654,1.0,0.0,1880.8123008495625,0.8545011885168059,23,0.5753260869565218,0.2586,0.172283812402124,0.0869565217391304,0.1605043478260869,1.0,111,4.398930630630631,0,0.0,,,0.5000833472245374,0.0038339723287214,0.0185030838473078,0.0070011668611435,0.5084180696782797,0.4845807634605767,0.0,0.0066677779629938,0.0003333888981496,0.0,DAS,0.345593918918919,0.1774857142857142,0.4041304347826087,0.3648119047619048,0.39079298245614,-0.1873261904761906,0.1727260869565217,,,0.4792396198099049,0.4842421210605303,0.4902548725637181,0.5739390037124273,0.0,3.780281701895317,25.008336112037345,0.1917305768589529,0.9253084361453816,0.9572431397574984,0.0073388640714741,0.0354179961710274,DAS,301.9292990333326,257.99894335020366,0.8545011834764699,0.9999999982195028,2.065451766666665,0.7677358498871513,3.7988,0.3717035964127905,-0.0664914333333334,0.7678738290342471,1.8,0.6245370333333322,3.6,0.534,0.2043333333333333,97,,19.39500000000386,3,5.380590577250798,23.88744437183385,6.154323820878652,0.8271378563093849,0.0,0.0,0.0,0.9468582357070447,0.0208368061343557,25.190020876028484,5.093624095366471,1.242014784103994,-0.9476000405486178,0.7996657886715026,0.5889103503405015,-8.340293076885576,5.408861170064037,17.98624288297087,1.8612771928004548,2201.064581448002,car,154.57665872735322,1,kin_stop_event_count,154.57665872735322
region_120/anomaly_collision,T000004,veh004,anomaly,8.333,10.156088311366132,13.68934533496763,3.480668891175948,1.544000845087362,12.586238395540963,0.8751974723538705,5.35634533496763,2.133467638906104,0.1520271188819224,8.547120379146921,11.2317,6.322554352057091,10.89996677240541,0.0,0,0,0.0,4.960248126806269,43.06329411796083,5.73784034185899,0,75,11.9575,11.255685992970296,0.0584518167456556,18,16.496939971164462,1.0336721696844218,28.350630179515782,57.3430178515008,15.737008270698077,108.356,0.5550849547629653,21.97874999999945,0.1728698579814961,0.2504556082148497,2.7894,0.2191864530636668,0.4320000000000001,0.3327083047514036,14,0.1527456556082151,0.2201,1.6287482259124544,14.024132730015085,0.2717219589257504,,0.2502813028213251,633,253,0.3996840442338072,1,253,12.64,0.2747117647059253,0.6096000000000004,0.2851883280757099,2.390899999999874,0.1911499999999989,0.58199999999988,3.741263636363618,9.517699999999875,0.2401959999999999,0.2010015873015873,1.0,317,164.73991482649842,26.1111,533.3819,123.57143281380756,0.0,0.3079394321766543,0.3914,0.920706940063091,12.901853312302796,1.0,0.0,7206.685961701252,0.7501001378078347,118,0.4503398305084746,0.1506,0.1751546535878373,0.2542372881355932,0.1940338983050847,1.0,26,4.656261538461538,0,0.0,,,0.5007898894154819,0.1263823064770932,0.0173775671406003,0.0426540284360189,0.5576619273301737,0.3996840442338072,0.0268562401263823,0.0126382306477093,0.0063191153238546,0.0015797788309636,DAS,0.2405836177474402,0.2001583333333333,,0.1719777777777777,0.2821916996047429,0.0281805555555555,0.2010015873015873,0.1424705882352941,0.0585309990662931,0.4123222748815165,0.3981042654028436,0.3886255924170616,0.5846937977534838,0.0,10.205467107848817,25.07911392405063,6.329113924050633,0.870253164556962,0.6876355748373102,0.2559652928416486,0.0563991323210412,DAS,1317.9193277602528,988.5714631182094,0.7501001330621989,0.9999999947293376,0.8943687697160878,0.67008166269951,2.4707,0.7492230111212665,0.1746302839116716,0.6425799276228443,1.6936,0.515186119873817,3.3215,0.4069400630914827,0.1861198738170347,13,,15.375000000000329,3,235.41470112575809,264.0998977962535,248.72592332383965,0.0,0.0,0.0,0.0,14.473064225005302,0.0,25.190020876028484,26.75152606081776,0.054917835474466,7.550523169343796,3.897844712292775,0.60124247522547,-0.0,12.103504499298037,1.4763404379842162,,9607.631832681387,bus_hgv,10.389370766134315,0,iv_speed_ratio_to_others,10.389370766134315
region_120/anomaly_reckless_driver,T000001,veh001,anomaly,8.333,20.80570956149628,25.726414956227384,0.0,2.7597723319658733,22.692166135109343,0.984,17.39341495622738,12.769054119725334,0.1326449513201509,4.737766720000001,13.9213,3.47295041224264,5.984183255345149,0.0064,1,4,0.08,5.232817821829713,20.18162787983169,3.715148369456147,0,108,19.4642,6.113515365251189,0.0690208667736757,11,6.359246834044713,0.7967656698274627,9.441989898239996,32.314466719999984,7.2836802409734,43.84899999999996,0.7714136871011789,24.74875000000005,0.1511433693568619,0.3639881600000002,1.5729,0.2478502886759853,0.6810400000000002,0.4402486326974792,22,0.2257587199999998,0.4636,1.7224811841210144,5.942198715527012,0.328,,0.4657455927690112,625,276,0.4416,1,276,12.48,,,0.3035993610223755,1.610400000000027,0.1636828571428525,0.4233000000001539,3.085010000000011,7.221700000000055,0.3441725239616614,0.18512,1.0,313,38.25804856230033,9.2626,232.1577,29.592760392692345,0.0,0.3828322683706066,0.6572,0.7831680511182114,15.189549520766796,1.0,0.0,1725.8497861018172,0.7735041776765693,64,0.4888625,0.1606,0.2164513307222401,0.265625,0.19486875,1.0,16,4.59110625,0,0.0,,,0.5008,0.056,0.016,0.0144,0.544,0.4416,0.0,0.0112,0.0032,0.0,DAS,0.3423156862745098,0.190169696969697,0.2019,0.3534444444444444,0.4097300724637678,-0.1632747474747474,0.18512,,,0.5,0.4711538461538461,0.354066985645933,0.6124183722627617,0.8333333333333334,20.80218507264005,25.080128205128204,2.80448717948718,0.8012820512820512,0.7964376590330788,0.1628498727735369,0.0407124681933842,DAS,306.0643865814695,236.74208907896983,0.7735042019204441,0.9999999978110374,1.8366539936102235,0.7272060831454914,3.7992,0.3959407083073154,0.1621753993610224,0.7268929626626675,1.8,0.5994501597444093,3.6,0.5175718849840255,0.1629392971246006,8,,18.074999999999985,3,76.05569499971715,120.861784503217,77.89165373188156,0.0,0.0,0.0,0.0,5.328885448857505,0.0,29.8834377248666,8.66821900905876,0.2865413367810795,9.305610893126657,1.8091766133034333,0.3168697704948003,-0.8982483344499342,17.70286992160517,6.784454788896864,7.816718070168104,2231.209392153356,car,25.050068504382136,1,cov_high_speed_gap_frac,25.050068504382136
region_120/anomaly_reckless_driver,T000002,veh002,anomaly,8.333,11.604884361915447,17.288817260877046,4.622713545094483,1.7160840616034154,13.754716781426664,0.9650244452801804,8.955817260877046,3.404143729529313,0.1478760156572699,5.155607747273412,11.5083,2.8447298340042373,10.445411546639464,0.0,0,0,0.0,5.012799021961893,36.289730113766346,3.608074255520093,0,426,17.9813,7.871622619862529,0.0688228657389996,65,10.209066477488271,0.8883623430485764,35.76824267355145,85.36965366679203,18.917148748429955,133.5571,0.5288811340574496,22.27724999999979,0.1827783056637811,0.3369397141782623,1.4207,0.2105054837779659,0.6185,0.3972710215575601,37,0.2209785633696876,0.5338,1.626437297969294,6.75,0.2944716058668672,,0.2984404735012372,2659,1207,0.4539300488905604,1,1207,53.16,0.3747873015872936,1.2679000000000542,0.3050796992481163,1.641900000000078,0.1429281250000151,0.5667999999998301,3.8878108108108,13.638100000000009,0.3248056827150746,0.2062999999999999,1.0,1330,63.85828037593976,8.0283,330.2257,61.91562203845859,0.0,0.3771012030075229,0.7059,0.8099377443609028,15.12635669172952,1.0,0.0,3610.919077282903,0.9695785992663016,221,0.524619004524887,0.1557,0.1915250408524952,0.1628959276018099,0.1812610859728506,1.0,54,4.572827777777778,0,0.0,,,0.5001880406167732,0.0601729973674313,0.0139150056412185,0.0282060925159834,0.5178638585934562,0.4539300488905604,0.0236931177134261,0.0041368935690109,0.0003760812335464,0.0,DAS,0.3247179140127385,0.2062697916666666,0.3494519999999999,0.2023693333333333,0.3681533554266782,0.0039004583333333,0.2062999999999999,0.1791333333333332,0.0271666666666667,0.4616252821670429,0.492099322799097,0.4081172491544532,0.587586030472843,0.0,11.692920338979926,25.018811136192628,3.0097817908201656,0.6960120391271634,0.8286604361370716,0.1376947040498442,0.0336448598130841,DAS,510.86624022556384,495.3249759718248,0.9695786038888043,0.9999999963219444,1.4439567669172917,0.9265612194299228,3.799,0.6416821061810885,0.2466805263157896,0.8562984401507975,1.8,0.728536766917293,3.6,0.5947368421052631,0.3105263157894737,53,,18.679999999998746,3,281.54326205018657,330.517437713125,292.1435064310175,0.0,0.0,0.0,0.0,18.01182655133208,0.0,25.092035007065665,29.58268896314289,0.0543479695588136,-2.9621560396477875,0.7966535440287577,0.5017615810179461,-0.0325883440195326,6.496828449676239,1.5079210738072586,,3724.214911524808,van_truck,5.85097682943079,0,iv_p10_min_dist_m,5.85097682943079
region_120/anomaly_reckless_driver,T000003,veh003,anomaly,8.333,12.581345116587343,19.45209170140836,5.911494059034484,2.3233063071414723,14.757091256161836,0.9217877094972068,11.11909170140836,4.724961134873394,0.1846627912685113,5.681667597765364,17.2516,5.232477221146935,7.354713180368884,0.0,0,0,0.0,9.185989085635526,55.83991190823997,14.140574360493437,0,36,36.1874,3.1796254124815624,0.0055865921787709,1,19.94326588616579,1.080340140269561,4.8335134671202615,14.64926703910612,3.1364747247341698,19.678,0.6489016211643736,18.70000000000008,0.153781315643577,0.2519324022346368,0.9378,0.1596363080702795,0.4543200000000001,0.2980122796577611,0,0.1318832402234637,0.3322,2.004886032811536,7.131313131313131,0.3910614525139664,,0.2847188926823359,179,73,0.4078212290502793,1,73,3.56,0.3165642857142399,0.6669999999999163,0.3229399999999967,1.0063000000000102,0.196253333333334,0.5654999999999291,4.0721999999999525,7.603200000000015,0.2593223684210526,0.1998374999999999,1.0,90,37.67675666666668,17.3625,92.9978,18.19424100532326,0.0,0.3625477777777778,0.48,0.8005633333333333,14.362114444444453,1.0,0.0,1061.0881354304531,0.4829035887109693,69,0.5126101449275364,0.2747,0.1752384494346854,0.0579710144927536,0.1852811594202899,1.0,18,4.567544444444444,0,0.0,,,0.5027932960893855,0.1675977653631284,0.0223463687150838,0.1005586592178771,0.4916201117318435,0.4078212290502793,0.0782122905027933,0.0223463687150838,0.0,0.0,DAS,0.2567722222222222,0.1998374999999999,,0.194,0.2728616438356164,0.0058374999999999,0.1998374999999999,0.1622214285714285,0.0376160714285714,0.423728813559322,0.4067796610169492,0.3934426229508196,0.5963038089898463,0.0,12.574835786607636,25.280898876404493,8.42696629213483,1.1235955056179776,0.5084745762711864,0.3898305084745763,0.1016949152542373,DAS,301.4140944444444,145.55391608103903,0.4829034831609941,0.999999998321632,2.144564444444444,0.6054710676636644,3.1883,0.2823282225125734,-0.1453533333333333,0.6048785121220345,1.1883,0.5255755555555557,2.2068,0.4666666666666667,0.1111111111111111,2,,12.927499999999988,3,12.113513144005704,27.32795893841981,13.760424184188391,0.0,0.0,0.0,0.0,5.499959884847893,0.0,29.163872887342105,2.18834500290148,1.096170827861038,-1.6602083667519256,0.8834250512983608,0.6043233326734323,-0.0,5.821093213411799,24.69013787314411,,2197.308448800001,car,4.476540386986671,0,kin_accel_std_mps2,4.476540386986671
region_120/anomaly_reckless_driver,T000004,veh004,anomaly,8.333,10.314066526606082,13.663276690823473,6.950132347660727,1.502373681113933,12.546913893464,0.8700475435816165,5.330276690823473,2.281683326820711,0.1456625936276852,8.599224088748022,12.8003,2.365720707745492,11.92524197856732,0.0,0,0,0.0,5.895328949682711,36.57355915589841,5.685418139747595,0,152,12.1893,5.634864098603295,0.0443740095087163,10,10.401049288441934,0.974128374903034,28.31381789577583,57.3886643423138,15.826851210900676,108.1773,0.5589797627843719,20.26434999999927,0.1878548354439485,0.2665079239302692,1.6709,0.1961294056952744,0.487,0.3308054650953116,21,0.1572676703645008,2.2869,1.757721560821066,7.797013532431172,0.3232963549920761,,0.2475697274191409,631,246,0.3898573692551506,1,246,12.6,0.5148176470588356,2.0023000000001048,0.3185444444444494,1.7873999999999342,0.1949380952381093,0.5778000000000247,4.164090909090894,8.602399999999989,0.2694355704697985,0.2043850746268657,1.0,315,170.05095238095237,14.0625,455.2994,122.2411921170484,0.0,0.3317726984126963,0.5333,0.9017625396825392,13.69851904761903,1.0,0.0,7129.106324266267,0.7188503822266209,141,0.4494056737588654,0.1622,0.1850586948484374,0.2624113475177305,0.1958510638297872,1.0,24,4.632979166666666,0,0.0,,,0.4992076069730586,0.1331220285261489,0.0174326465927099,0.0396196513470681,0.5705229793977813,0.3898573692551506,0.0269413629160063,0.011093502377179,0.0015847860538827,0.0,DAS,0.2703683848797249,0.2034227272727273,0.3703,0.1888399999999999,0.2854939024390244,0.0145827272727273,0.2043850746268657,0.1669705882352941,0.0374144863915716,0.4,0.3857142857142857,0.3838862559241706,0.5842000339120083,0.0,10.358108688205172,25.0,6.666666666666667,0.873015873015873,0.65625,0.29375,0.05,DAS,1360.407617777778,977.9295285065168,0.7188503767010374,0.999999993854996,0.9196374603174606,0.9700629125930093,3.3,1.0548318815309476,-0.1378219047619047,0.5749835172903619,1.7578,0.4776352380952382,3.0578000000000003,0.4317460317460317,0.0825396825396825,18,,16.502499999999987,3,12.113513144005704,81.68356375472447,19.787295421557683,0.0,0.0,0.0,0.0,5.328885448857505,0.0,29.8834377248666,8.436626871147554,1.0319141030811667,-4.68324648672694,0.6877276294384597,-0.2411839529861301,-0.0,10.518190719788551,24.69013787314411,,9917.371542857143,bus_hgv,3.437342365855809,0,cov_das_fiber_dist_cv,3.437342365855809
region_140/anomaly_overweight_vehicle,T000001,veh001,anomaly,8.333,10.49557440904367,13.43273543437821,0.0,1.635233318832037,11.899370364409185,0.93158953722334,5.099735434378211,2.483452057227979,0.1558021748121773,2.7964209255533183,7.0122,2.594744511946792,9.622395744423736,0.0040241448692152,1,2,0.04,4.5834141675864135,15.540382441883468,2.9670745442755844,0,66,12.6512,7.48114509857198,0.0787878787878787,9,8.462871987593346,0.9706955972197084,6.217133353035721,13.996998189134844,3.782573527069936,27.45840000000004,0.6084111940791762,18.23075000000101,0.1432075679054159,0.2689692152917506,0.7729,0.1493713981816663,0.47664,0.3075895973245742,0,0.1540313883299795,0.3007,1.77294389474268,6.220494053064959,0.3621730382293762,,0.2689013121399488,497,205,0.4124748490945674,1,205,9.92,0.3078250000000366,0.5425000000000182,0.2413971887550263,0.9582000000000336,0.1307195652173791,0.5734999999999673,3.9608444444444455,10.19789999999989,0.257553469387755,0.2098642857142857,1.0,249,3386.832601606425,802.9659,7945.3601,1925.458768029602,0.0,0.2999999999999986,0.3,0.9967345381526108,12.645110441767024,1.0,0.0,112292.7553514864,0.5685131196376014,68,0.5585102941176471,0.1551,0.17122528682316,0.1176470588235294,0.1700014705882352,1.0,18,4.5335,0,0.0,,,0.5010060362173038,0.0925553319919517,0.0181086519114688,0.0241448692152917,0.5633802816901409,0.4124748490945674,0.0080482897384305,0.0120724346076458,0.0040241448692152,0.0,DAS,0.2560376569037655,0.20304,0.2007,0.2661583333333334,0.2974073170731706,-0.0654583333333334,0.2098642857142857,0.1484,0.0614642857142856,0.4848484848484848,0.3939393939393939,0.3592814371257485,0.6307020879601988,0.0,10.447469818244205,25.1008064516129,4.637096774193548,0.907258064516129,0.7432835820895523,0.2029850746268656,0.053731343283582,DAS,27094.660800401616,15403.670149043764,0.5685131200762417,0.9999999904235948,0.5297253012048192,0.3603751524822746,1.5319,0.680305720082898,0.5590522088353408,0.5311705025956943,1.7319,0.646438554216867,2.4952,0.5823293172690763,0.2248995983935743,10,0.8393574297188755,13.61999999999999,3,4.082088350342292,107.01839137620888,21.52053147957364,0.0503018108651911,0.0241448692152917,0.0,0.0,19.11228160116649,0.0,2.807651064928256,10.096107461219932,1.3921813456076333,1.2704600613222323,1.137717540773468,0.707371156704898,-0.574196553379811,5.604750839594707,63.41015251134461,1.6179525721087575,197520.07732568675,bus_hgv,18.983053963065856,1,das_snr_mean,18.983053963065856
region_140/anomaly_overweight_vehicle,T000002,veh002,anomaly,8.333,12.929116698630056,17.542811671166056,0.0,1.58859325957388,14.536623811256389,0.9889196675900276,9.209811671166056,4.706471718386994,0.1228694346723782,6.4916934441366605,14.6131,2.732015924221823,8.84284781059543,0.0018467220683287,1,2,0.0399999999999991,5.804203280503903,19.71826551905618,3.8528214660471134,0,233,19.4802,7.604443086409273,0.0888066604995374,26,7.894653188424835,1.007581345025036,20.459896147035224,36.92577626962145,10.165035646044217,70.666,0.4968273334817097,21.89545000000088,0.4600662712047439,0.3068801477377658,1.0706,0.1880409011903945,0.5667800000000003,0.359864080066188,10,0.1755862419205911,0.3055,1.7443996376888244,7.892307692307692,0.3490304709141274,,0.3063728806702379,1083,473,0.4367497691597414,1,473,21.64,0.3065666666666781,1.0403000000001157,0.2531765682656832,0.9165999999997894,0.1664171428571372,0.8721000000000458,3.310699999999997,7.9297999999998865,0.2895195895522385,0.231878125,1.0,542,115.7028570110702,33.0678,354.5683,75.86115559327209,0.0,0.3021503690036911,0.3478,0.9125225092250928,12.76474169741711,1.0,0.0,4424.222594199625,0.6556549903172558,70,0.5198999999999999,0.1509,0.186862832743351,0.1857142857142857,0.1883885714285714,1.0,22,4.444259090909091,0,0.0,,,0.5004616805170822,0.064635272391505,0.0147737765466297,0.0166204986149584,0.5466297322253001,0.4367497691597414,0.0055401662049861,0.0083102493074792,0.002770083102493,0.0,DAS,0.2905483870967739,0.2352409836065573,0.3702749999999999,0.2234388888888888,0.3369545454545452,0.0118020947176685,0.231878125,0.24465,-0.0127718749999999,0.4487534626038781,0.4376731301939058,0.4238227146814404,0.5872757795213316,0.0,12.925270110439364,25.046210720887245,3.234750462107209,0.7393715341959335,0.8548895899053628,0.1104100946372239,0.0347003154574132,DAS,925.622853505536,606.8892536750055,0.6556550017932069,0.9999999935395368,0.7106084870848705,0.4054926301742339,1.6005,0.5706273391663059,0.2008758302583022,0.8193727798128843,1.8,0.713912730627306,3.0535,0.6586715867158671,0.2527675276752767,22,,17.834999999999983,3,1.3142417623861826,45.36277511818686,11.830644337706945,0.0831024930747922,0.0360110803324099,0.0120036934441366,0.26,0.0955456768836985,0.0987996306555863,19.57830306881685,3.5680076781404986,11.210662876550266,4.515183114104083,1.536631656138567,0.2723113424108002,-10.559176855141963,22.64769583093581,367.4722266039881,1.6179525721087575,6747.790620885615,van_truck,2.150991511212515,0,iv_rel_speed_at_min_dist_mps,2.150991511212515
region_140/anomaly_overweight_vehicle,T000003,veh003,anomaly,8.333,8.099689837006917,11.225260942178585,2.680596726477148,1.207404672391786,9.470496351676829,0.307563025210084,2.8922609421785825,0.9866602299704564,0.1490680133053044,7.14925999999999,10.6929,2.660685265006947,13.371948022975127,0.0,0,0,0.0,5.364894641129614,18.71179728967797,3.4702634544462057,0,127,15.0834,7.28485372036364,0.0386554621848739,10,10.28173271342402,1.040804649079062,22.627758093919923,44.75485529411765,12.829434670311828,86.6139,0.5669777190060687,22.87190000000047,0.3808503926745714,0.3227324369747897,1.2285,0.197318196696144,0.59564,0.3781868064036811,7,0.1966655462184874,0.3231,1.6594320488701158,5.716612377850162,0.307563025210084,,0.235814605034315,595,263,0.442016806722689,1,263,11.88,0.2189857142857363,0.456899999999905,0.3019922818791892,1.2803000000001248,0.2448076923076722,0.9218000000000756,3.659562500000021,8.003600000000006,0.3106707903780069,0.2429156249999999,1.0,298,43.19686845637581,13.6441,134.5569,20.98447124297114,0.0,0.3454681208053686,0.5414,0.8195926174496642,14.061976510067112,1.0,0.0,1223.8143628900773,0.4857868635584824,41,0.4517512195121951,0.15,0.2683829951039663,0.4390243902439024,0.2109292682926829,1.0,9,4.478755555555555,0,0.0,,,0.5008403361344538,0.0655462184873949,0.0134453781512605,0.0218487394957983,0.5361344537815126,0.442016806722689,0.0117647058823529,0.0084033613445378,0.0016806722689075,0.0,DAS,0.3113328671328672,0.2505451612903225,0.39195,0.2006923076923077,0.3491437262357413,0.0498528535980148,0.2429156249999999,0.1769428571428571,0.0659727678571428,0.4646464646464646,0.4595959595959596,0.4020100502512563,0.5908539172400964,0.0,8.10471740085866,25.084175084175083,3.2828282828282824,0.6734006734006733,0.8563218390804598,0.1178160919540229,0.0258620689655172,DAS,345.57495335570513,167.87577553142418,0.4857868717083419,0.9999999979059778,2.032892953020133,0.6366743840962306,3.7895,0.3131863796125448,-0.0948607382550335,0.6266032987804572,1.8,0.4772936241610739,3.0626,0.3657718120805369,0.1208053691275167,16,,18.112499999999983,3,75.02177368291146,98.4341688029666,77.7007727911785,0.0,0.0,0.0,0.0,6.503658327422208,0.0,16.05382849827035,12.461928987734384,0.1300018478113357,-1.9240527013934368,0.808050466777004,0.4507609431239954,3.3750065750440936,11.042630219682358,5.920242314586281,,2519.2413683758377,car,2.174346393671115,0,cam_sigma_mean_m,2.174346393671115
region_140/anomaly_overweight_vehicle,T000004,veh004,anomaly,8.333,6.646536507527337,12.752085102052918,1.6713690107214505,1.330471532991326,8.33601432004015,0.0560841261892839,4.419085102052918,1.0779397962390795,0.2001751636336519,4.367679018527795,12.4198,3.717150574733628,21.59422495682765,0.0,0,0,0.0,5.866061321939764,35.22364464503922,3.7931802588426473,0,453,35.1948,9.712447568080716,0.0660991487230846,46,13.509814862129144,1.1577203089352006,17.573375618259647,47.41429404106151,11.424532441038105,84.805,0.6501046064916193,21.63400000000122,0.5591266074386751,0.3143523284927391,1.583,0.1937786531423512,0.5494600000000002,0.3692543155527524,30,0.1794826740110165,0.4337,1.764394164465476,11.682656826568264,0.3635453179769654,,0.2303398407418615,1997,893,0.4471707561342013,1,893,39.92,0.2897739130434492,0.8312999999998283,0.2525943943943911,1.116899999999987,0.1595230769230783,0.6867999999999483,4.1482857142857,13.123999999999796,0.2998391393442626,0.2228712765957447,1.0,999,149.50152662662677,16.2355,405.5518,98.74151813113468,0.0,0.306371171171177,0.4964,0.9212096096096096,12.913624424424356,1.0,0.0,5758.605337407777,0.6604716377093401,117,0.5016940170940171,0.1505,0.2079332341827283,0.2564102564102564,0.1807376068376068,1.0,36,4.472652777777778,0,0.0,,,0.5002503755633451,0.0585878818227341,0.0140210315473209,0.0200300450676014,0.5327991987981973,0.4471707561342013,0.0115172759138708,0.0060090135202804,0.0025037556334501,0.0,DAS,0.3001865145228218,0.2183550561797753,0.3167181818181819,0.2171575,0.3435363941769318,0.0011975561797752,0.2228712765957447,0.1698608695652173,0.0530104070305273,0.4406015037593985,0.4586466165413533,0.4422788605697151,0.5783156084440622,0.0,6.666113337828377,25.025050100200406,2.930861723446894,0.7014028056112226,0.8671875,0.1015625,0.03125,DAS,1196.0122030030027,789.9321483442583,0.6604716459922901,0.999999991938049,0.698706706706705,0.5445571390961159,2.8098,0.7793787205261561,0.2245631631631633,0.6191630253400965,1.8,0.5434092092092093,3.474,0.4884884884884884,0.1161161161161161,36,,15.66999999999964,3,1.3142417623861826,52.04429454520365,13.893489253199125,0.0600184672206832,0.0249307479224376,0.0120036934441366,0.26,0.0955456768836985,0.0987996306555863,19.57830306881685,7.949595346430974,6.544097864017125,-3.8615904740328784,0.6325139122500858,-0.0460581265165257,-4.34644197737214,13.601316297286438,367.4722266039881,,8718.929032864875,bus_hgv,1.8974058875331348,0,cov_das_fiber_dist_cv,1.8974058875331348
