t,sensor_type,sensor_id,vehicle_id_oracle,global_track_id,x,y,speed_mps,heading_rad,sigma_m,sigma_v,confidence,snr,accepted,skipped,skip_reason,update_kind,kalman_t,kalman_row_index
0.2101,Camera,cam1,veh1,T000001,-107.0727,-6.4082,15.5680,0.0373,0.2273,0.0000,0.5471,0.0000,1,0,,position+velocity,0.2101,0
0.3132,Camera,cam1,veh1,T000001,-104.9679,-6.4294,15.5680,0.0373,0.2264,0.0000,0.5551,0.0000,1,0,,position+velocity,0.3132,8
0.4194,Camera,cam1,veh1,T000001,-103.6842,-6.5418,15.5680,0.0373,0.2292,0.0000,0.5504,0.0000,1,0,,position+velocity,0.4194,17
0.6292,Camera,cam1,veh1,T000001,-100.5314,-6.3967,15.5680,0.0373,0.2293,0.0000,0.5588,0.0000,1,0,,position+velocity,0.6292,34
0.8383,Camera,cam1,veh1,T000001,-97.2531,-5.2200,15.5680,0.0373,0.2270,0.0000,0.5742,0.0000,1,0,,position+velocity,0.8383,51
0.9441,Camera,cam1,veh1,T000001,-95.8778,-4.9604,15.5680,0.0373,0.2273,0.0000,0.5769,0.0000,1,0,,position+velocity,0.9441,60
1.0504,Camera,cam1,veh1,T000001,-94.0840,-5.1563,15.5680,0.0373,0.2292,0.0000,0.5743,0.0000,1,0,,position+velocity,1.0504,69
1.2672,Camera,cam1,veh1,T000001,-90.8225,-5.5232,15.5680,0.0373,0.2353,0.0000,0.5623,0.0000,1,0,,position+velocity,1.2672,86
1.5839,Camera,cam1,veh1,T000001,-85.7058,-4.1745,15.5680,0.0373,0.2382,0.0000,0.5628,0.0000,1,0,,position+velocity,1.5839,111
1.6901,Camera,cam1,veh1,T000001,-84.0804,-4.6983,15.5680,0.0373,0.2412,0.0000,0.5568,0.0000,1,0,,position+velocity,1.6901,120
1.7926,Camera,cam1,veh1,T000001,-82.7930,-5.1321,15.5680,0.0373,0.2440,0.0000,0.5515,0.0000,1,0,,position+velocity,1.7926,128
2.0062,Camera,cam1,veh1,T000001,-79.3515,-4.7637,15.5680,0.0373,0.2488,0.0000,0.5430,0.0000,1,0,,position+velocity,2.0062,145
2.2108,Camera,cam1,veh1,T000001,-76.0427,-5.0821,15.5680,0.0373,0.2532,0.0000,0.5354,0.0000,1,0,,position+velocity,2.2108,161
2.4208,Camera,cam1,veh1,T000001,-72.3503,-4.4043,15.5680,0.0373,0.2554,0.0000,0.5338,0.0000,1,0,,position+velocity,2.4208,178
2.5332,Camera,cam1,veh1,T000001,-71.1185,-4.1891,15.5680,0.0373,0.2588,0.0000,0.5270,0.0000,1,0,,position+velocity,2.5332,187
2.6363,Camera,cam1,veh1,T000001,-68.8773,-4.5259,15.5680,0.0373,0.2616,0.0000,0.5216,0.0000,1,0,,position+velocity,2.6363,195
2.7422,Camera,cam1,veh1,T000001,-68.2597,-5.0838,15.5680,0.0373,0.2653,0.0000,0.5137,0.0000,1,0,,position+velocity,2.7422,204
2.8434,Camera,cam1,veh1,T000001,-65.9925,-4.8696,15.5680,0.0373,0.2674,0.0000,0.5103,0.0000,1,0,,position+velocity,2.8434,212
3.3598,Camera,cam1,veh1,T000001,-57.9770,-4.4191,15.5680,0.0373,0.2786,0.0000,0.4904,0.0000,1,0,,position+velocity,3.3598,252
3.5659,Camera,cam1,veh1,T000001,-55.3696,-4.3210,15.5680,0.0373,0.2842,0.0000,0.4798,0.0000,1,0,,position+velocity,3.5659,268
3.6686,Camera,cam1,veh1,T000001,-52.5461,-4.6310,15.5680,0.0373,0.2852,0.0000,0.4788,0.0000,1,0,,position+velocity,3.6686,276
3.7729,Camera,cam1,veh1,T000001,-52.3923,-3.8972,15.5680,0.0373,0.2882,0.0000,0.4730,0.0000,1,0,,position+velocity,3.7729,285
3.8776,Camera,cam1,veh1,T000001,-49.6152,-3.4605,15.5680,0.0373,0.2893,0.0000,0.4716,0.0000,1,0,,position+velocity,3.8776,294
3.9824,Camera,cam1,veh1,T000001,-48.6887,-3.8942,15.5680,0.0373,0.2922,0.0000,0.4660,0.0000,1,0,,position+velocity,3.9824,303
4.1889,Camera,cam1,veh1,T000001,-45.4308,-2.5782,15.5680,0.0373,0.2961,0.0000,0.4593,0.0000,1,0,,position+velocity,4.1889,319
4.2927,Camera,cam1,veh1,T000001,-43.9131,-2.5353,15.5680,0.0373,0.2987,0.0000,0.4543,0.0000,1,0,,position+velocity,4.2927,328
4.3567,GPS,gps1,veh1,T000001,-43.6791,-2.9812,15.5680,0.0373,3.2552,0.0000,0.3710,0.0000,1,0,,position+velocity,4.3567,333
4.3947,Camera,cam1,veh1,T000001,-41.5046,-2.8418,15.5680,0.0373,0.3010,0.0000,0.4502,0.0000,1,0,,position+velocity,4.3947,336
4.5629,GPS,gps1,veh1,T000001,-41.1044,-1.9806,15.5680,0.0373,3.0607,0.0000,0.4002,0.0000,1,0,,position+velocity,4.5629,349
4.7016,Camera,cam1,veh1,T000001,-37.2080,-2.2942,15.5680,0.0373,0.3079,0.0000,0.4377,0.0000,1,0,,position+velocity,4.7016,360
4.7670,GPS,gps1,veh1,T000001,-29.3540,-5.6578,15.5680,0.0373,2.8969,0.0000,0.4269,0.0000,1,0,,position+velocity,4.7670,366
4.8043,Camera,cam1,veh1,T000001,-36.3577,-2.4234,15.5680,0.0373,0.3109,0.0000,0.4321,0.0000,1,0,,position+velocity,4.8043,369
4.9711,GPS,gps1,veh1,T000001,-34.9515,-2.0013,15.5680,0.0373,2.7612,0.0000,0.4505,0.0000,1,0,,position+velocity,4.9711,382
5.1153,Camera,cam1,veh1,T000001,-31.0061,-2.0350,15.5680,0.0373,0.3183,0.0000,0.4187,0.0000,1,0,,position+velocity,5.1153,394
5.1814,GPS,gps1,veh1,T000001,-28.7174,0.8185,15.5680,0.0373,2.6509,0.0000,0.4707,0.0000,1,0,,position+velocity,5.1814,400
5.2198,Camera,cam1,veh1,T000001,-29.2668,-1.2805,15.5680,0.0373,0.3198,0.0000,0.4160,0.0000,1,0,,position+velocity,5.2198,403
5.3874,GPS,gps1,veh1,T000001,-23.7887,2.0479,15.5680,0.0373,2.5725,0.0000,0.4857,0.0000,1,0,,position+velocity,5.3874,416
5.4270,Camera,cam1,veh1,T000001,-26.5550,-1.1339,15.5680,0.0373,0.3247,0.0000,0.4071,0.0000,1,0,,position+velocity,5.4270,420
5.5992,GPS,gps1,veh1,T000001,-23.9022,-0.8021,15.5680,0.0373,2.5217,0.0000,0.4957,0.0000,1,0,,position+velocity,5.5992,434
5.6375,Camera,cam1,veh1,T000001,-22.6567,-0.5889,15.5680,0.0373,0.3298,0.0000,0.3980,0.0000,1,0,,position+velocity,5.6375,437
5.8056,GPS,gps1,veh1,T000001,-16.2051,-3.8338,15.5680,0.0373,2.5006,0.0000,0.4999,0.0000,1,0,,position+velocity,5.8056,450
5.8454,Camera,cam1,veh1,T000001,-19.4023,-1.8808,15.5680,0.0373,0.3359,0.0000,0.3873,0.0000,1,0,,position+velocity,5.8454,454
6.0160,GPS,gps1,veh1,T000001,-16.1406,-2.7508,15.5680,0.0373,2.5099,0.0000,0.4980,0.0000,1,0,,position+velocity,6.0160,468
6.2246,GPS,gps1,veh1,T000001,-15.8515,-0.5858,15.5680,0.0373,2.5481,0.0000,0.4905,0.0000,1,0,,position+velocity,6.2246,485
6.2640,Camera,cam1,veh1,T000001,-13.1182,-1.2888,15.5680,0.0373,0.3467,0.0000,0.3686,0.0000,1,0,,position+velocity,6.2640,489
6.4280,GPS,gps1,veh1,T000001,-14.3468,-1.7247,15.5680,0.0373,2.6140,0.0000,0.4777,0.0000,1,0,,position+velocity,6.4280,502
6.6371,GPS,gps1,veh1,T000001,-9.8582,-5.7954,15.5680,0.0373,2.7111,0.0000,0.4596,0.0000,1,0,,position+velocity,6.6371,519
6.8498,GPS,gps1,veh1,T000001,0.2702,-2.8090,15.5680,0.0373,2.8403,0.0000,0.4365,0.0000,1,0,,position+velocity,6.8498,536
7.0544,GPS,gps1,veh1,T000001,1.8617,4.5383,15.4264,0.0373,2.9930,0.0000,0.4110,0.0000,1,0,,position+velocity,7.0544,552
7.2631,GPS,gps1,veh1,T000001,3.3314,-0.9843,15.2426,0.0373,3.1754,0.0000,0.3827,0.0000,1,0,,position+velocity,7.2631,569
7.3027,Camera,cam1,veh1,T000001,2.7854,0.2561,15.2105,0.0373,0.3713,0.0000,0.3265,0.0000,1,0,,position+velocity,7.3027,573
7.4160,DAS,das1,veh1,T000001,5.3374,-0.3486,0.0000,-0.2487,0.3000,0.0000,0.9027,74.1911,1,0,,position,7.4160,582
7.4522,DAS,das1,veh1,T000001,4.8511,-0.2738,13.5936,2.9890,0.3000,14.0872,0.9095,80.3584,1,0,,position+velocity,7.4522,585
7.4900,DAS,das1,veh1,T000001,6.2061,-0.7900,38.3434,-0.3639,0.3000,13.4837,0.9112,82.0678,1,0,,position+velocity,7.4900,588
7.5160,Camera,cam1,veh1,T000001,6.4462,-0.7584,15.0517,-0.2487,0.3779,0.0000,0.3162,0.0000,1,0,,position+velocity,7.5160,591
7.5275,DAS,das1,veh1,T000001,6.9329,-0.4526,21.3559,0.4346,0.3000,13.5912,0.8901,64.7806,1,0,,position+velocity,7.5275,592
7.5678,DAS,das1,veh1,T000001,7.4092,-1.5904,30.6663,-1.1743,0.3000,12.6772,0.9183,89.9467,1,0,,position+velocity,7.5678,596
7.6072,DAS,das1,veh1,T000001,8.0208,-1.5110,15.6260,0.1292,0.3000,12.9184,0.8660,51.6883,1,0,,position+velocity,7.6072,600
7.6455,DAS,das1,veh1,T000001,8.1931,-2.2699,20.3181,-1.3476,0.3607,15.2269,0.7935,30.7481,1,0,,position+velocity,7.6455,603
7.6814,DAS,das1,veh1,T000001,8.4509,-1.6649,18.3281,1.1680,0.3097,14.5284,0.8391,41.7144,1,0,,position+velocity,7.6814,606
7.7195,DAS,das1,veh1,T000001,9.6842,-2.7007,42.2922,-0.6986,0.3385,14.6012,0.8135,34.9068,1,0,,position+velocity,7.7195,609
7.7567,DAS,das1,veh1,T000001,9.4521,-2.9064,8.3380,-2.4163,0.3542,15.4638,0.7994,31.8895,1,0,,position+velocity,7.7567,612
7.7945,DAS,das1,veh1,T000001,10.8626,-2.8257,37.4052,0.0572,0.3524,15.1716,0.8010,32.2083,1,0,,position+velocity,7.7945,615
7.8325,DAS,das1,veh1,T000001,10.6810,-2.8748,4.9449,-2.8775,0.3919,16.3499,0.7650,26.0478,1,0,,position+velocity,7.8325,618
7.8465,Camera,cam1,veh1,T000001,10.6241,-2.8001,14.8463,-0.2487,0.3878,0.0000,0.3018,0.0000,1,0,,position+velocity,7.8465,619
7.8723,DAS,das1,veh1,T000001,10.6952,-3.7025,20.8003,-1.5536,0.3680,14.8816,0.7869,29.5434,1,0,,position+velocity,7.8723,621
7.9121,DAS,das1,veh1,T000001,12.4145,-2.6821,50.2070,0.5356,0.3370,13.9182,0.8149,35.2117,1,0,,position+velocity,7.9121,625
7.9520,DAS,das1,veh1,T000001,13.4805,-2.5055,27.1337,0.1641,0.3543,14.4495,0.7993,31.8610,1,0,,position+velocity,7.9520,629
7.9914,DAS,das1,veh1,T000001,12.7053,-3.4867,31.6842,-2.2395,0.3848,15.5390,0.7716,27.0200,1,0,,position+velocity,7.9914,633
8.0315,DAS,das1,veh1,T000001,13.3354,-3.6310,16.1324,-0.2252,0.4022,15.8529,0.7556,24.7286,1,0,,position+velocity,8.0315,637
8.0697,DAS,das1,veh1,T000001,13.9645,-4.0709,20.0825,-0.6102,0.4472,18.1278,0.7143,19.9995,1,0,,position+velocity,8.0697,640
8.1079,DAS,das1,veh1,T000001,14.9894,-4.2358,27.2079,-0.1595,0.4200,17.2432,0.7392,22.6728,1,0,,position+velocity,8.1079,643
8.1447,DAS,das1,veh1,T000001,14.2130,-4.7663,25.5513,-2.5421,0.4019,17.2502,0.7558,24.7658,1,0,,position+velocity,8.1447,646
8.1828,DAS,das1,veh1,T000001,16.3164,-4.3511,56.1800,0.1949,0.4034,16.6865,0.7544,24.5760,1,0,,position+velocity,8.1828,649
8.2204,DAS,das1,veh1,T000001,16.4424,-3.8658,13.3490,1.3168,0.3523,15.2517,0.8012,32.2346,1,0,,position+velocity,8.2204,652
8.2567,DAS,das1,veh1,T000001,17.3420,-4.2704,27.2037,-0.4226,0.3159,14.5818,0.8336,40.0854,1,0,,position+velocity,8.2567,655
8.2963,DAS,das1,veh1,T000001,17.2213,-4.1070,5.1299,2.2071,0.3000,12.8756,0.8489,44.9466,1,0,,position+velocity,8.2963,659
8.3360,DAS,das1,veh1,T000001,17.9602,-3.8443,19.7485,0.3416,0.3022,12.9062,0.8456,43.8091,1,0,,position+velocity,8.3360,663
8.3733,Camera,cam1,veh1,T000001,17.7804,-4.3738,14.5998,-0.2487,0.4019,0.0000,0.2813,0.0000,1,0,,position+velocity,8.3733,666
8.3733,DAS,das1,veh1,T000001,19.1346,-4.9065,42.3758,-0.7352,0.3339,14.7303,0.8177,35.8740,1,0,,position+velocity,8.3733,666
8.4108,DAS,das1,veh1,T000001,18.3052,-5.3528,25.1251,-2.6480,0.3545,15.3561,0.7991,31.8223,1,0,,position+velocity,8.4108,669
8.4479,DAS,das1,veh1,T000001,19.2174,-4.5139,33.4049,0.7435,0.3292,14.6834,0.8219,36.9076,1,0,,position+velocity,8.4479,672
8.4861,Camera,cam1,veh1,T000001,19.7780,-3.8513,14.5574,-0.2487,0.4045,0.0000,0.2773,0.0000,1,0,,position+velocity,8.4861,675
8.4861,DAS,das1,veh1,T000001,20.2877,-4.2146,29.0804,0.2727,0.3000,13.3423,0.8906,65.1333,1,0,,position+velocity,8.4861,675
8.5258,DAS,das1,veh1,T000001,21.2202,-4.9924,30.6016,-0.6952,0.3000,12.8497,0.8901,64.7870,1,0,,position+velocity,8.5258,679
8.5653,DAS,das1,veh1,T000001,22.3751,-4.3353,33.6453,0.5173,0.3000,12.9112,0.8830,60.3726,1,0,,position+velocity,8.5653,683
8.6030,DAS,das1,veh1,T000001,21.6851,-5.4936,35.7447,-2.1081,0.3000,13.5185,0.8915,65.7252,1,0,,position+velocity,8.6030,686
8.6404,DAS,das1,veh1,T000001,22.3896,-4.9160,24.3453,0.6868,0.3000,13.6264,0.8808,59.1283,1,0,,position+velocity,8.6404,689
8.6775,DAS,das1,veh1,T000001,23.2900,-4.9098,24.3133,0.0068,0.3000,13.7673,0.8591,48.7886,1,0,,position+velocity,8.6775,692
8.6915,Camera,cam1,veh1,T000001,23.1610,-5.4702,14.4880,-0.2487,0.4101,0.0000,0.2697,0.0000,1,0,,position+velocity,8.6915,693
8.7175,DAS,das1,veh1,T000001,23.1210,-6.4533,38.8515,-1.6799,0.3000,12.7587,0.8501,45.3858,1,0,,position+velocity,8.7175,696
8.7571,DAS,das1,veh1,T000001,24.8409,-5.8273,46.1145,0.3491,0.3341,13.8751,0.8175,35.8302,1,0,,position+velocity,8.7571,700
8.7946,DAS,das1,veh1,T000001,24.5883,-6.7358,25.1411,-1.8419,0.3765,16.0743,0.7791,28.2163,1,0,,position+velocity,8.7946,703
8.8329,DAS,das1,veh1,T000001,24.8939,-6.1199,17.9827,1.1102,0.3390,14.5578,0.8131,34.8116,1,0,,position+velocity,8.8329,706
8.8701,DAS,das1,veh1,T000001,26.0093,-6.2660,30.2410,-0.1302,0.3176,14.2695,0.8321,39.6508,1,0,,position+velocity,8.8701,709
8.9075,DAS,das1,veh1,T000001,26.6190,-7.1583,28.8635,-0.9714,0.3969,16.7849,0.7605,25.3978,1,0,,position+velocity,8.9075,712
8.9447,DAS,das1,veh1,T000001,26.6204,-7.3872,6.1619,-1.5646,0.4166,17.5937,0.7423,23.0447,1,0,,position+velocity,8.9447,715
8.9848,DAS,das1,veh1,T000001,26.6848,-7.5725,4.8855,-1.2364,0.4117,16.1194,0.7468,23.5954,1,0,,position+velocity,8.9848,719
9.0247,DAS,das1,veh1,T000001,28.0811,-7.3869,35.3424,0.1322,0.3856,15.4144,0.7708,26.8982,1,0,,position+velocity,9.0247,723
9.0638,DAS,das1,veh1,T000001,28.6525,-7.2222,15.1903,0.2806,0.3607,14.8979,0.7935,30.7493,1,0,,position+velocity,9.0638,727
9.1033,DAS,das1,veh1,T000001,28.7230,-7.2216,1.7855,0.0088,0.3604,14.7748,0.7938,30.8016,1,0,,position+velocity,9.1033,731
9.1412,DAS,das1,veh1,T000001,29.2030,-7.3480,13.1104,-0.2574,0.3320,14.4747,0.8194,36.2955,1,0,,position+velocity,9.1412,734
9.1809,DAS,das1,veh1,T000001,30.2811,-7.4545,27.2476,-0.0985,0.3366,13.9255,0.8153,35.3129,1,0,,position+velocity,9.1809,738
9.2204,DAS,das1,veh1,T000001,30.5894,-8.0498,16.9749,-1.0929,0.3255,13.6804,0.8252,37.7565,1,0,,position+velocity,9.2204,742
9.2600,DAS,das1,veh1,T000001,30.5762,-7.5780,11.9043,1.5989,0.3270,13.6736,0.8239,37.4172,1,0,,position+velocity,9.2600,746
9.3000,DAS,das1,veh1,T000001,31.8952,-7.4450,33.1657,0.1006,0.3164,13.2417,0.8332,39.9627,1,0,,position+velocity,9.3000,750
9.3397,DAS,das1,veh1,T000001,32.0935,-8.0326,15.6091,-1.2455,0.3000,12.8339,0.8637,50.7136,1,0,,position+velocity,9.3397,754
9.3797,DAS,das1,veh1,T000001,31.6332,-8.3142,13.5011,-2.5925,0.3484,14.2150,0.8046,32.9458,1,0,,position+velocity,9.3797,758
9.4194,DAS,das1,veh1,T000001,33.3450,-8.7198,44.3258,-0.2326,0.3828,15.3900,0.7734,27.2970,1,0,,position+velocity,9.4194,762
9.4566,DAS,das1,veh1,T000001,33.5031,-9.1987,13.5463,-1.2519,0.3287,14.6141,0.8223,37.0160,1,0,,position+velocity,9.4566,765
9.4941,DAS,das1,veh1,T000001,34.7321,-9.0780,32.9392,0.0979,0.3630,15.6348,0.7914,30.3504,1,0,,position+velocity,9.4941,768
9.5324,DAS,das1,veh1,T000001,34.6229,-9.0239,3.1895,2.6814,0.3620,15.3014,0.7923,30.5220,1,0,,position+velocity,9.5324,771
9.5701,DAS,das1,veh1,T000001,35.5054,-8.9521,23.4822,0.0812,0.4045,16.9245,0.7534,24.4452,1,0,,position+velocity,9.5701,774
9.6097,DAS,das1,veh1,T000001,36.0021,-9.6717,22.0665,-0.9667,0.4006,15.9803,0.7570,24.9230,1,0,,position+velocity,9.6097,778
9.6491,DAS,das1,veh1,T000001,35.9763,-9.3065,9.2943,1.6413,0.3535,14.5802,0.8000,32.0082,1,0,,position+velocity,9.6491,782
9.6862,DAS,das1,veh1,T000001,36.7061,-10.4004,35.4721,-0.9825,0.3994,17.0407,0.7581,25.0711,1,0,,position+velocity,9.6862,785
9.7260,Camera,cam1,veh1,T000001,37.6652,-9.6585,14.2526,-0.2487,0.4372,0.0000,0.2348,0.0000,1,0,,position+velocity,9.7260,789
9.7260,DAS,das1,veh1,T000001,37.9021,-9.9118,32.4025,0.3878,0.3737,15.0339,0.7817,28.6413,1,0,,position+velocity,9.7260,789
9.7658,DAS,das1,veh1,T000001,37.9893,-9.9846,2.8541,-0.6952,0.3284,13.6643,0.8226,37.0907,1,0,,position+velocity,9.7658,793
9.8054,DAS,das1,veh1,T000001,38.8724,-10.1125,22.5460,-0.1439,0.3035,12.9873,0.8445,43.4323,1,0,,position+velocity,9.8054,797
9.8454,DAS,das1,veh1,T000001,39.5768,-8.7470,38.4265,1.0945,0.3000,12.7520,0.8789,58.0591,1,0,,position+velocity,9.8454,801
9.8851,DAS,das1,veh1,T000001,40.0115,-9.6459,25.1585,-1.1204,0.3000,12.8474,0.8879,63.3409,1,0,,position+velocity,9.8851,805
9.9245,DAS,das1,veh1,T000001,40.5008,-9.9453,14.5514,-0.5491,0.3000,12.9341,0.8674,52.3503,1,0,,position+velocity,9.9245,809
9.9643,DAS,das1,veh1,T000001,40.6948,-10.4596,13.8088,-1.2102,0.3000,12.8102,0.8641,50.8627,1,0,,position+velocity,9.9643,813
10.0039,DAS,das1,veh1,T000001,41.9796,-10.6304,32.7333,-0.1322,0.3278,13.7147,0.8231,37.2275,1,0,,position+velocity,10.0039,817
10.0425,DAS,das1,veh1,T000001,42.0449,-10.5430,2.8318,0.9290,0.3665,15.3179,0.7882,29.7714,1,0,,position+velocity,10.0425,820
10.0814,DAS,das1,veh1,T000001,43.0103,-10.8119,25.7383,-0.2717,0.3570,14.8620,0.7969,31.3923,1,0,,position+velocity,10.0814,824
10.1196,DAS,das1,veh1,T000001,43.2548,-10.0996,19.7108,1.2401,0.3736,15.6860,0.7817,28.6515,1,0,,position+velocity,10.1196,827
10.1593,DAS,das1,veh1,T000001,43.2704,-12.1661,52.1080,-1.5632,0.4099,16.2650,0.7485,23.8030,1,0,,position+velocity,10.1593,831
10.1989,DAS,das1,veh1,T000001,44.3723,-11.7752,29.4859,0.3409,0.4260,16.7866,0.7337,22.0368,1,0,,position+velocity,10.1989,835
10.2385,DAS,das1,veh1,T000001,44.6188,-12.2843,14.2955,-1.1199,0.4693,18.2304,0.6942,18.1647,1,0,,position+velocity,10.2385,839
10.2780,DAS,das1,veh1,T000001,44.2298,-12.7917,16.1835,-2.2249,0.4948,19.1076,0.6713,16.3353,1,0,,position+velocity,10.2780,843
10.3174,DAS,das1,veh1,T000001,45.9676,-12.9833,44.3007,-0.1098,0.4507,17.6691,0.7111,19.6928,1,0,,position+velocity,10.3174,847
10.3571,Camera,cam1,veh1,T000001,46.4713,-12.7060,14.1964,-0.2487,0.4534,0.0000,0.2159,0.0000,1,0,,position+velocity,10.3571,851
10.3571,DAS,das1,veh1,T000001,46.3605,-12.4850,16.0147,0.9031,0.4349,17.0828,0.7256,21.1499,1,0,,position+velocity,10.3571,851
10.3968,DAS,das1,veh1,T000001,45.7873,-12.7489,15.8699,-2.7101,0.4254,16.7182,0.7343,22.1049,1,0,,position+velocity,10.3968,855
10.4362,DAS,das1,veh1,T000001,47.5073,-12.1661,46.1918,0.3267,0.3686,15.0838,0.7864,29.4475,1,0,,position+velocity,10.4362,859
10.4759,DAS,das1,veh1,T000001,47.6224,-12.5542,10.1814,-1.2825,0.3571,14.5556,0.7968,31.3708,1,0,,position+velocity,10.4759,863
10.5155,DAS,das1,veh1,T000001,49.0916,-12.9372,38.3770,-0.2550,0.3543,14.5424,0.7994,31.8706,1,0,,position+velocity,10.5155,867
10.5529,DAS,das1,veh1,T000001,48.6821,-12.1039,24.7999,2.0276,0.3553,15.4014,0.7985,31.6934,1,0,,position+velocity,10.5529,870
10.5913,DAS,das1,veh1,T000001,49.9932,-12.4110,35.0523,-0.2301,0.3518,14.8974,0.8016,32.3205,1,0,,position+velocity,10.5913,873
10.6308,DAS,das1,veh1,T000001,50.2223,-13.2136,21.1310,-1.2927,0.3560,14.6195,0.7978,31.5635,1,0,,position+velocity,10.6308,877
10.6714,Camera,cam1,veh1,T000001,50.0864,-12.7316,14.1964,-0.2487,0.4610,0.0000,0.2071,0.0000,1,0,,position+velocity,10.6714,881
10.6714,DAS,das1,veh1,T000001,50.0378,-12.7754,11.7259,1.9693,0.3399,13.7549,0.8123,34.6171,1,0,,position+velocity,10.6714,881
10.7109,DAS,das1,veh1,T000001,50.9695,-12.3582,25.8089,0.4210,0.3220,13.5531,0.8282,38.5711,1,0,,position+velocity,10.7109,885
10.7490,DAS,das1,veh1,T000001,52.1016,-13.2950,38.5690,-0.6913,0.3441,14.7747,0.8085,33.7756,1,0,,position+velocity,10.7490,888
10.7890,DAS,das1,veh1,T000001,51.8152,-13.8064,14.6515,-2.0814,0.3359,13.8210,0.8159,35.4515,1,0,,position+velocity,10.7890,892
10.8286,DAS,das1,veh1,T000001,52.8153,-14.0353,25.9434,-0.2250,0.3528,14.5024,0.8007,32.1347,1,0,,position+velocity,10.8286,896
10.8683,DAS,das1,veh1,T000001,53.5450,-13.6542,20.7188,0.4813,0.3000,12.8332,0.8751,56.0569,1,0,,position+velocity,10.8683,900
10.9073,DAS,das1,veh1,T000001,54.1676,-13.1904,19.9249,0.6403,0.3000,13.0859,0.9209,93.2017,1,0,,position+velocity,10.9073,904
10.9446,DAS,das1,veh1,T000001,54.5387,-12.7876,14.6618,0.8264,0.3000,13.6516,0.9565,176.0017,1,0,,position+velocity,10.9446,907
10.9847,Camera,cam1,veh1,T000001,54.8251,-12.6014,14.1964,-0.2487,0.4681,0.0000,0.1986,0.0000,1,0,,position+velocity,10.9847,911
10.9847,DAS,das1,veh1,T000001,55.3005,-13.2433,22.1385,-0.5391,0.3000,12.7164,0.9593,188.6503,1,0,,position+velocity,10.9847,911
11.0242,DAS,das1,veh1,T000001,55.4139,-12.6306,15.7781,1.3877,0.3000,12.9112,0.9666,231.4815,1,0,,position+velocity,11.0242,915
11.0642,DAS,das1,veh1,T000001,56.8033,-13.1621,37.1664,-0.3653,0.3000,12.7403,0.9374,119.8908,1,0,,position+velocity,11.0642,919
11.1030,DAS,das1,veh1,T000001,56.7819,-13.5673,10.4782,-1.6235,0.3000,13.1655,0.9460,140.0933,1,0,,position+velocity,11.1030,922
11.1424,DAS,das1,veh1,T000001,57.1154,-13.5592,8.4565,0.0242,0.3000,12.9244,0.9416,128.8834,1,0,,position+velocity,11.1424,926
11.1814,DAS,das1,veh1,T000001,57.5951,-13.8162,13.9708,-0.4918,0.3000,13.0922,0.9103,81.1811,1,0,,position+velocity,11.1814,930
11.2201,DAS,das1,veh1,T000001,58.0161,-14.1046,13.1906,-0.6007,0.3000,13.1785,0.9155,86.6507,1,0,,position+velocity,11.2201,933
11.2597,DAS,das1,veh1,T000001,58.8665,-13.6784,23.9745,0.4646,0.3000,12.8510,0.9253,99.0517,1,0,,position+velocity,11.2597,937
11.2987,DAS,das1,veh1,T000001,59.0963,-14.8534,30.7405,-1.3777,0.3000,13.0932,0.9279,102.9391,1,0,,position+velocity,11.2987,941
11.3387,DAS,das1,veh1,T000001,59.8619,-14.2457,24.4222,0.6709,0.3000,12.7399,0.8906,65.1591,1,0,,position+velocity,11.3387,945
11.3784,DAS,das1,veh1,T000001,60.7425,-14.1324,22.3555,0.1279,0.3000,12.8388,0.8839,60.9054,1,0,,position+velocity,11.3784,949
11.4182,DAS,das1,veh1,T000001,60.7165,-14.7251,14.9330,-1.6146,0.3000,12.8351,0.8939,67.4241,1,0,,position+velocity,11.4182,953
11.4579,DAS,das1,veh1,T000001,61.4941,-14.8352,19.7843,-0.1407,0.3000,12.8456,0.8949,68.1508,1,0,,position+velocity,11.4579,957
11.4973,DAS,das1,veh1,T000001,62.2667,-14.8352,19.5923,0.0000,0.3000,12.9318,0.8794,58.3389,1,0,,position+velocity,11.4973,961
11.5361,DAS,das1,veh1,T000001,62.8921,-15.1766,18.3592,-0.4997,0.3000,13.1370,0.8621,50.0209,1,0,,position+velocity,11.5361,964
11.5760,DAS,das1,veh1,T000001,63.0010,-15.4011,6.2568,-1.1192,0.3000,12.7843,0.8652,51.3347,1,0,,position+velocity,11.5760,968
11.6155,DAS,das1,veh1,T000001,63.3075,-15.2168,9.0488,0.5415,0.3000,12.9001,0.8922,66.2422,1,0,,position+velocity,11.6155,972
11.6531,DAS,das1,veh1,T000001,64.1892,-16.0226,31.7458,-0.7405,0.3000,13.5522,0.8494,45.1360,1,0,,position+velocity,11.6531,975
11.6931,DAS,das1,veh1,T000001,64.9252,-16.0375,18.4099,-0.0202,0.3229,13.4335,0.8275,38.3638,1,0,,position+velocity,11.6931,979
11.7324,DAS,das1,veh1,T000001,64.9824,-17.0900,26.8212,-1.5165,0.3867,15.6673,0.7698,26.7455,1,0,,position+velocity,11.7324,983
11.7723,DAS,das1,veh1,T000001,66.0029,-16.4906,29.6565,0.5311,0.3812,15.2562,0.7748,27.5258,1,0,,position+velocity,11.7723,987
11.8108,DAS,das1,veh1,T000001,66.4925,-16.5861,12.9661,-0.1925,0.3311,14.2186,0.8202,36.4920,1,0,,position+velocity,11.8108,990
11.8507,DAS,das1,veh1,T000001,67.2835,-17.0716,23.2595,-0.5505,0.3282,13.6205,0.8227,37.1337,1,0,,position+velocity,11.8507,994
11.8900,DAS,das1,veh1,T000001,67.7182,-17.2865,12.3497,-0.4591,0.3249,13.7443,0.8256,37.8820,1,0,,position+velocity,11.8900,998
11.9296,DAS,das1,veh1,T000001,68.3465,-17.2570,15.8587,0.0468,0.3153,13.3114,0.8342,40.2431,1,0,,position+velocity,11.9296,1002
11.9692,DAS,das1,veh1,T000001,68.7107,-16.7515,15.7533,0.9467,0.3072,13.1066,0.8412,42.3918,1,0,,position+velocity,11.9692,1006
12.0087,DAS,das1,veh1,T000001,69.5703,-16.7021,21.7671,0.0574,0.3000,12.8906,0.8486,44.8268,1,0,,position+velocity,12.0087,1010
12.0357,Camera,cam1,veh1,T000001,68.1897,-17.8079,14.1964,-0.2487,0.4949,0.0000,0.1738,0.0000,1,0,,position+velocity,12.0357,1013
12.0486,DAS,das1,veh1,T000001,69.2625,-17.4011,19.1555,-1.9855,0.3432,14.0888,0.8093,33.9587,1,0,,position+velocity,12.0486,1014
12.0880,DAS,das1,veh1,T000001,69.8811,-17.3968,15.7144,0.0071,0.3398,14.1641,0.8124,34.6472,1,0,,position+velocity,12.0880,1018
12.1263,DAS,das1,veh1,T000001,70.9063,-18.0386,31.5536,-0.5593,0.3370,14.4564,0.8149,35.2306,1,0,,position+velocity,12.1263,1021
12.1660,DAS,das1,veh1,T000001,71.2014,-18.2779,9.5725,-0.6813,0.3257,13.6192,0.8249,37.6967,1,0,,position+velocity,12.1660,1025
12.2058,DAS,das1,veh1,T000001,72.5992,-18.4476,35.3793,-0.1208,0.3474,14.2446,0.8056,33.1421,1,0,,position+velocity,12.2058,1029
12.2441,DAS,das1,veh1,T000001,71.5488,-17.5659,35.7829,2.4433,0.3326,14.3212,0.8188,36.1614,1,0,,position+velocity,12.2441,1032
12.2842,DAS,das1,veh1,T000001,72.4942,-18.3684,30.9654,-0.7038,0.3852,15.3256,0.7712,26.9649,1,0,,position+velocity,12.2842,1036
12.3233,DAS,das1,veh1,T000001,73.3914,-19.4813,36.5257,-0.8923,0.4136,16.6019,0.7451,23.3815,1,0,,position+velocity,12.3233,1040
12.3630,DAS,das1,veh1,T000001,73.6364,-19.8099,10.3302,-0.9301,0.4167,16.4748,0.7422,23.0357,1,0,,position+velocity,12.3630,1044
12.4028,DAS,das1,veh1,T000001,74.1574,-20.1214,15.2512,-0.5389,0.4108,16.2342,0.7476,23.7010,1,0,,position+velocity,12.4028,1048
12.4400,DAS,das1,veh1,T000001,74.8510,-19.5289,24.5269,0.7069,0.4319,18.0985,0.7283,21.4414,1,0,,position+velocity,12.4400,1051
12.4795,DAS,das1,veh1,T000001,75.1693,-19.1400,12.7064,0.8848,0.4312,16.9949,0.7289,21.5124,1,0,,position+velocity,12.4795,1055
12.5176,DAS,das1,veh1,T000001,75.8255,-20.6248,42.6449,-1.1547,0.4334,17.7341,0.7269,21.2916,1,0,,position+velocity,12.5176,1058
12.5566,DAS,das1,veh1,T000001,76.8821,-19.3119,43.1919,0.8931,0.4067,16.4256,0.7514,24.1847,1,0,,position+velocity,12.5566,1062
12.5941,DAS,das1,veh1,T000001,76.4941,-19.7359,15.3278,-2.3119,0.4078,17.1289,0.7505,24.0582,1,0,,position+velocity,12.5941,1065
12.6324,DAS,das1,veh1,T000001,77.6794,-20.2838,34.1349,-0.4330,0.4227,17.2887,0.7367,22.3852,1,0,,position+velocity,12.6324,1068
12.6731,DAS,das1,veh1,T000001,78.0053,-19.5828,18.9791,1.1356,0.3569,14.2044,0.7970,31.4057,1,0,,position+velocity,12.6731,1072
12.7128,DAS,das1,veh1,T000001,78.9016,-20.1594,26.8119,-0.5716,0.3761,15.1570,0.7794,28.2727,1,0,,position+velocity,12.7128,1076
12.7515,DAS,das1,veh1,T000001,78.2666,-20.8730,24.6990,-2.2979,0.3986,16.3087,0.7588,25.1722,1,0,,position+velocity,12.7515,1079
12.7914,DAS,das1,veh1,T000001,79.8174,-22.0084,48.2551,-0.6320,0.4228,16.6080,0.7366,22.3729,1,0,,position+velocity,12.7914,1083
12.8311,DAS,das1,veh1,T000001,80.8346,-20.8219,39.2805,0.8621,0.4007,15.9180,0.7570,24.9157,1,0,,position+velocity,12.8311,1087
12.8707,DAS,das1,veh1,T000001,80.5624,-20.7275,7.2748,2.8076,0.3774,15.2559,0.7783,28.0871,1,0,,position+velocity,12.8707,1091
12.9105,DAS,das1,veh1,T000001,82.0077,-20.6206,36.4831,0.0738,0.3544,14.4871,0.7993,31.8515,1,0,,position+velocity,12.9105,1095
12.9502,DAS,das1,veh1,T000001,81.0014,-21.0074,27.1471,-2.7746,0.3367,13.9462,0.8152,35.2837,1,0,,position+velocity,12.9502,1099
12.9872,DAS,das1,veh1,T000001,81.7920,-20.4699,25.7996,0.5972,0.3474,15.3005,0.8055,33.1366,1,0,,position+velocity,12.9872,1102
13.0268,DAS,das1,veh1,T000001,83.1110,-21.0780,36.7130,-0.4320,0.3441,14.2286,0.8085,33.7756,1,0,,position+velocity,13.0268,1106
13.0663,DAS,das1,veh1,T000001,83.6226,-20.6656,16.6143,0.6785,0.3770,15.2602,0.7786,28.1396,1,0,,position+velocity,13.0663,1110
13.0804,Camera,cam1,veh1,T000001,83.2766,-21.7241,14.6788,-0.2487,0.5211,0.0000,0.1549,0.0000,1,0,,position+velocity,13.0804,1111
13.1062,DAS,das1,veh1,T000001,83.9336,-21.5138,22.6452,-1.2193,0.3631,14.6963,0.7913,30.3312,1,0,,position+velocity,13.1062,1113
13.1457,DAS,das1,veh1,T000001,84.7331,-21.7007,20.8271,-0.2297,0.3955,15.8983,0.7617,25.5716,1,0,,position+velocity,13.1457,1117
13.1853,Camera,cam1,veh1,T000001,84.7441,-23.4951,14.7545,-0.2487,0.5240,0.0000,0.1536,0.0000,1,0,,position+velocity,13.1853,1121
13.1853,DAS,das1,veh1,T000001,85.3593,-23.1288,39.3711,-1.1576,0.4711,18.2740,0.6926,18.0262,1,0,,position+velocity,13.1853,1121
13.2238,DAS,das1,veh1,T000001,85.6579,-22.8809,10.0719,0.6927,0.4913,19.4698,0.6744,16.5714,1,0,,position+velocity,13.2238,1124
13.2634,DAS,das1,veh1,T000001,86.6754,-22.1483,31.6496,0.6240,0.4654,18.0825,0.6977,18.4676,1,0,,position+velocity,13.2634,1128
13.3031,DAS,das1,veh1,T000001,86.4596,-22.2185,5.7166,-2.8272,0.4600,17.8680,0.7027,18.9054,1,0,,position+velocity,13.3031,1132
13.3427,DAS,das1,veh1,T000001,87.0321,-22.9830,24.1334,-0.9280,0.4511,17.6330,0.7107,19.6553,1,0,,position+velocity,13.3427,1136
13.3805,DAS,das1,veh1,T000001,87.8618,-22.9269,22.0153,0.0676,0.4364,17.9719,0.7242,21.0063,1,0,,position+velocity,13.3805,1139
13.4194,DAS,das1,veh1,T000001,88.5774,-22.9387,18.3591,-0.0165,0.4234,16.9888,0.7361,22.3102,1,0,,position+velocity,13.4194,1143
13.4566,DAS,das1,veh1,T000001,88.5432,-22.4521,13.1226,1.6409,0.3894,16.6573,0.7673,26.3737,1,0,,position+velocity,13.4566,1146
13.4968,DAS,das1,veh1,T000001,89.5536,-23.2359,31.7847,-0.6598,0.3899,15.4018,0.7669,26.3176,1,0,,position+velocity,13.4968,1150
13.5361,DAS,das1,veh1,T000001,90.9952,-23.1832,36.7298,0.0366,0.3566,14.7216,0.7973,31.4627,1,0,,position+velocity,13.5361,1154
13.5758,DAS,das1,veh1,T000001,89.9213,-22.5534,31.3959,2.6111,0.3639,14.8088,0.7906,30.2129,1,0,,position+velocity,13.5758,1158
13.6154,DAS,das1,veh1,T000001,90.3330,-23.0010,15.3517,-0.8273,0.4072,16.1962,0.7510,24.1255,1,0,,position+velocity,13.6154,1162
13.6553,DAS,das1,veh1,T000001,91.7022,-23.9943,42.3978,-0.6276,0.4257,16.6730,0.7339,22.0678,1,0,,position+velocity,13.6553,1166
13.6943,DAS,das1,veh1,T000001,92.4086,-24.8163,27.7799,-0.8609,0.4022,16.2821,0.7556,24.7267,1,0,,position+velocity,13.6943,1170
13.7326,DAS,das1,veh1,T000001,93.5070,-24.3011,31.7059,0.4386,0.3927,16.2856,0.7643,25.9422,1,0,,position+velocity,13.7326,1173
13.7725,DAS,das1,veh1,T000001,93.2728,-25.0917,20.6593,-1.8587,0.3782,15.1586,0.7776,27.9699,1,0,,position+velocity,13.7725,1177
13.8121,DAS,das1,veh1,T000001,94.5283,-24.0426,41.3212,0.6961,0.3925,15.7339,0.7645,25.9665,1,0,,position+velocity,13.8121,1181
13.8516,DAS,das1,veh1,T000001,94.8376,-24.1064,7.9875,-0.2034,0.4340,17.0961,0.7263,21.2321,1,0,,position+velocity,13.8516,1185
13.8899,DAS,das1,veh1,T000001,94.8790,-24.5106,10.6020,-1.4685,0.4029,16.5978,0.7549,24.6433,1,0,,position+velocity,13.8899,1188
13.9296,DAS,das1,veh1,T000001,96.5387,-25.0185,43.7512,-0.2970,0.4588,17.8430,0.7037,19.0012,1,0,,position+velocity,13.9296,1192
13.9681,DAS,das1,veh1,T000001,96.0148,-25.3809,16.5188,-2.5365,0.4951,19.5815,0.6710,16.3196,1,0,,position+velocity,13.9681,1195
14.0072,DAS,das1,veh1,T000001,97.4008,-26.1363,40.4091,-0.4990,0.5414,20.8946,0.6304,13.6467,1,0,,position+velocity,14.0072,1199
14.0467,DAS,das1,veh1,T000001,97.2047,-24.8934,31.8976,1.7273,0.5098,19.6343,0.6579,15.3883,1,0,,position+velocity,14.0467,1203
14.0862,DAS,das1,veh1,T000001,97.7723,-26.1184,34.1095,-1.1369,0.4873,18.8205,0.6780,16.8458,1,0,,position+velocity,14.0862,1207
14.1233,DAS,das1,veh1,T000001,98.9833,-26.1065,32.7160,0.0098,0.5288,21.5986,0.6413,14.3054,1,0,,position+velocity,14.1233,1210
14.1630,DAS,das1,veh1,T000001,98.8979,-26.2651,4.5338,-2.0645,0.5438,20.6326,0.6284,13.5259,1,0,,position+velocity,14.1630,1214
14.2017,DAS,das1,veh1,T000001,98.3790,-25.5268,23.3025,2.1835,0.5619,21.7807,0.6130,12.6699,1,0,,position+velocity,14.2017,1217
14.2399,DAS,das1,veh1,T000001,100.0037,-28.9219,98.4353,-1.1245,0.6101,23.7470,0.5732,10.7461,1,0,,position+velocity,14.2399,1220
14.2789,DAS,das1,veh1,T000001,100.3893,-27.5451,36.6508,1.2978,0.6304,23.9763,0.5572,10.0653,1,0,,position+velocity,14.2789,1224
14.3158,DAS,das1,veh1,T000001,101.3201,-28.8272,43.0242,-0.9428,0.6344,25.5457,0.5540,9.9383,1,0,,position+velocity,14.3158,1227
14.3528,DAS,das1,veh1,T000001,101.7099,-27.5429,36.2134,1.2761,0.6170,24.7497,0.5677,10.5059,1,0,,position+velocity,14.3528,1230
14.3900,DAS,das1,veh1,T000001,101.8664,-29.0823,41.6848,-1.4695,0.6536,26.0391,0.5393,9.3643,1,0,,position+velocity,14.3900,1233
14.4298,DAS,das1,veh1,T000001,102.0212,-29.2573,5.8631,-0.8462,0.6416,23.8469,0.5485,9.7181,1,0,,position+velocity,14.4298,1237
14.4694,DAS,das1,veh1,T000001,103.4244,-28.3483,42.2046,0.5749,0.6573,24.5266,0.5365,9.2593,1,0,,position+velocity,14.4694,1241
14.5066,DAS,das1,veh1,T000001,104.5524,-29.0084,35.1702,-0.5295,0.6447,25.6883,0.5461,9.6234,1,0,,position+velocity,14.5066,1244
14.5461,DAS,das1,veh1,T000001,105.4045,-29.3568,23.3099,-0.3882,0.5978,22.5750,0.5832,11.1926,1,0,,position+velocity,14.5461,1248
14.5857,DAS,das1,veh1,T000001,105.3405,-28.1760,29.8328,1.6249,0.5710,21.5842,0.6053,12.2697,1,0,,position+velocity,14.5857,1252
14.6252,DAS,das1,veh1,T000001,105.4231,-28.1470,2.2144,0.3383,0.5653,21.4525,0.6101,12.5184,1,0,,position+velocity,14.6252,1256
14.6648,DAS,das1,veh1,T000001,106.1115,-28.5070,19.6602,-0.4819,0.5618,21.3415,0.6131,12.6748,1,0,,position+velocity,14.6648,1260
14.7029,DAS,das1,veh1,T000001,107.5695,-27.5249,46.1360,0.5928,0.4880,19.5739,0.6774,16.7978,1,0,,position+velocity,14.7029,1263
14.7399,DAS,das1,veh1,T000001,108.2124,-28.4971,31.4499,-0.9864,0.4845,20.0009,0.6805,17.0421,1,0,,position+velocity,14.7399,1266
14.7837,DAS,das1,veh1,T000001,108.5247,-29.5307,24.6480,-1.2775,0.5227,18.0679,0.6466,14.6400,1,0,,position+velocity,14.7837,1270
14.8236,DAS,das1,veh1,T000001,108.5913,-29.4452,2.7200,0.9091,0.5397,20.4237,0.6319,13.7337,1,0,,position+velocity,14.8236,1274
14.8633,DAS,das1,veh1,T000001,109.6906,-28.4946,36.5775,0.7130,0.5034,19.2784,0.6637,15.7872,1,0,,position+velocity,14.8633,1278
14.9005,DAS,das1,veh1,T000001,109.8096,-29.3767,23.9031,-1.4367,0.4977,20.3686,0.6687,16.1498,1,0,,position+velocity,14.9005,1281
14.9406,DAS,das1,veh1,T000001,111.0750,-28.9818,33.0721,0.3025,0.4338,16.8530,0.7266,21.2608,1,0,,position+velocity,14.9406,1285
14.9796,DAS,das1,veh1,T000001,111.3046,-29.4292,12.8891,-1.0967,0.4384,17.4681,0.7224,20.8145,1,0,,position+velocity,14.9796,1289
15.0193,DAS,das1,veh1,T000001,112.7976,-28.7761,41.1308,0.4124,0.4636,18.0208,0.6994,18.6134,1,0,,position+velocity,15.0193,1293
15.0561,DAS,das1,veh1,T000001,112.2102,-28.9855,16.9476,-2.7991,0.4401,18.5775,0.7208,20.6517,1,0,,position+velocity,15.0561,1296
15.0957,DAS,das1,veh1,T000001,113.1915,-29.0562,24.8308,-0.0718,0.4771,18.4647,0.6871,17.5706,1,0,,position+velocity,15.0957,1300
15.1355,DAS,das1,veh1,T000001,114.0272,-29.9517,30.7817,-0.8199,0.4331,16.9553,0.7272,21.3217,1,0,,position+velocity,15.1355,1304
15.1747,DAS,das1,veh1,T000001,114.6796,-29.2438,24.5649,0.8262,0.3824,15.5734,0.7737,27.3530,1,0,,position+velocity,15.1747,1308
15.2127,DAS,das1,veh1,T000001,114.8827,-29.4937,8.4667,-0.8884,0.3909,16.3240,0.7659,26.1765,1,0,,position+velocity,15.2127,1311
15.2523,DAS,das1,veh1,T000001,115.0945,-29.6208,6.2415,-0.5404,0.3508,14.4324,0.8025,32.4986,1,0,,position+velocity,15.2523,1315
15.2919,DAS,das1,veh1,T000001,116.6073,-30.4254,43.2695,-0.4888,0.3645,14.8472,0.7901,30.1118,1,0,,position+velocity,15.2919,1319
15.3316,DAS,das1,veh1,T000001,117.0475,-30.2978,11.5268,0.2822,0.3666,14.8546,0.7881,29.7603,1,0,,position+velocity,15.3316,1323
15.3705,DAS,das1,veh1,T000001,116.9506,-29.7843,13.4474,1.7572,0.3618,15.0441,0.7925,30.5565,1,0,,position+velocity,15.3705,1326
15.4102,DAS,das1,veh1,T000001,118.3800,-29.9028,36.1593,-0.0827,0.3655,14.8555,0.7891,29.9398,1,0,,position+velocity,15.4102,1330
15.4478,DAS,das1,veh1,T000001,118.7592,-30.3542,15.6773,-0.8721,0.3636,15.6041,0.7909,30.2635,1,0,,position+velocity,15.4478,1333
15.4867,DAS,das1,veh1,T000001,119.3460,-30.8251,19.3418,-0.6761,0.3345,14.1680,0.8172,35.7518,1,0,,position+velocity,15.4867,1337
15.5264,DAS,das1,veh1,T000001,119.9060,-30.2296,20.5987,0.8161,0.3061,13.0317,0.8422,42.6820,1,0,,position+velocity,15.5264,1341
15.5662,DAS,das1,veh1,T000001,120.3528,-30.2498,11.2341,-0.0452,0.3000,12.8093,0.8509,45.6552,1,0,,position+velocity,15.5662,1345
15.6058,DAS,das1,veh1,T000001,121.5030,-30.4997,29.7060,-0.2140,0.3000,12.8688,0.8661,51.7341,1,0,,position+velocity,15.6058,1349
15.6455,DAS,das1,veh1,T000001,122.5059,-30.1607,26.6650,0.3259,0.3000,12.8433,0.8912,65.5175,1,0,,position+velocity,15.6455,1353
15.6830,DAS,das1,veh1,T000001,122.1176,-30.1157,10.4214,3.0261,0.3000,13.5930,0.8995,71.6317,1,0,,position+velocity,15.6830,1356
15.7200,DAS,das1,veh1,T000001,123.5194,-30.0881,37.9142,0.0197,0.3000,13.7878,0.9098,80.6661,1,0,,position+velocity,15.7200,1359
15.7596,DAS,das1,veh1,T000001,123.5493,-30.3106,5.6674,-1.4372,0.3000,12.8715,0.8813,59.3725,1,0,,position+velocity,15.7596,1363
15.7992,DAS,das1,veh1,T000001,124.3319,-30.8692,24.2692,-0.6200,0.3000,12.8708,0.8745,55.7382,1,0,,position+velocity,15.7992,1367
15.8367,DAS,das1,veh1,T000001,125.0590,-31.9644,35.1105,-0.9847,0.3399,14.8956,0.8123,34.6266,1,0,,position+velocity,15.8367,1370
15.8762,DAS,das1,veh1,T000001,125.6767,-31.9457,15.6455,0.0302,0.3571,14.6514,0.7968,31.3736,1,0,,position+velocity,15.8762,1374
15.9156,DAS,das1,veh1,T000001,125.8547,-31.7931,5.9460,0.7091,0.3864,15.6044,0.7701,26.7923,1,0,,position+velocity,15.9156,1378
15.9539,DAS,das1,veh1,T000001,125.8518,-32.7852,25.9267,-1.5737,0.3971,16.4330,0.7602,25.3611,1,0,,position+velocity,15.9539,1381
15.9933,DAS,das1,veh1,T000001,127.0491,-32.9503,30.6268,-0.1371,0.4082,16.2901,0.7501,24.0086,1,0,,position+velocity,15.9933,1385
16.0331,DAS,das1,veh1,T000001,127.2283,-32.4390,13.6200,1.2336,0.3688,14.9156,0.7861,29.4072,1,0,,position+velocity,16.0331,1389
16.0705,DAS,das1,veh1,T000001,128.4403,-31.9931,34.5324,0.3526,0.3517,15.2991,0.8017,32.3409,1,0,,position+velocity,16.0705,1392
16.1105,DAS,das1,veh1,T000001,129.3777,-32.4232,25.7528,-0.4301,0.3328,13.7119,0.8186,36.1076,1,0,,position+velocity,16.1105,1396
16.1496,DAS,das1,veh1,T000001,129.7709,-32.5010,10.2640,-0.1954,0.3000,13.0596,0.8484,44.7682,1,0,,position+velocity,16.1496,1400
16.1896,DAS,das1,veh1,T000001,130.2336,-32.3679,12.0484,0.2801,0.3000,12.7587,0.8584,48.4944,1,0,,position+velocity,16.1896,1404
16.2292,DAS,das1,veh1,T000001,130.9896,-32.4313,19.1510,-0.0837,0.3000,12.8724,0.8510,45.6895,1,0,,position+velocity,16.2292,1408
16.2688,DAS,das1,veh1,T000001,130.9777,-32.9445,12.9394,-1.5939,0.3098,13.1437,0.8390,41.6869,0,1,vehicle/track ended,skipped,,
16.3075,DAS,das1,veh1,T000001,130.6438,-33.0944,9.4706,-2.7198,0.3098,13.4915,0.8390,41.6869,0,1,vehicle/track ended,skipped,,
16.3468,DAS,das1,veh1,T000001,130.7143,-32.6935,10.3442,1.3966,0.3098,13.2515,0.8390,41.6869,0,1,vehicle/track ended,skipped,,
16.3872,DAS,das1,veh1,T000001,130.1486,-32.7918,14.2343,-2.9695,0.3098,12.9266,0.8390,41.6869,0,1,vehicle/track ended,skipped,,
16.4268,DAS,das1,veh1,T000001,130.9714,-32.9211,21.0307,-0.1558,0.3098,13.1672,0.8390,41.6869,0,1,vehicle/track ended,skipped,,
16.4661,DAS,das1,veh1,T000001,129.9975,-32.5584,26.4137,2.7851,0.3098,13.2532,0.8390,41.6869,0,1,vehicle/track ended,skipped,,
16.5033,DAS,das1,veh1,T000001,130.7594,-33.1801,26.4277,-0.6844,0.3098,14.0136,0.8390,41.6869,0,1,vehicle/track ended,skipped,,
16.5411,DAS,das1,veh1,T000001,129.7506,-33.3070,26.9221,-3.0165,0.3098,13.8077,0.8390,41.6869,0,1,vehicle/track ended,skipped,,
16.5807,DAS,das1,veh1,T000001,130.6697,-32.8682,25.6898,0.4453,0.3098,13.1529,0.8390,41.6869,0,1,vehicle/track ended,skipped,,
16.6202,DAS,das1,veh1,T000001,130.1209,-32.2951,20.1241,2.3346,0.3098,13.2236,0.8390,41.6869,0,1,vehicle/track ended,skipped,,
16.6574,DAS,das1,veh1,T000001,130.1000,-32.7518,12.2727,-1.6165,0.3098,13.9978,0.8390,41.6869,0,1,vehicle/track ended,skipped,,
16.6957,DAS,das1,veh1,T000001,130.2587,-33.6796,24.5812,-1.4013,0.3098,13.6177,0.8390,41.6869,0,1,vehicle/track ended,skipped,,
16.7340,DAS,das1,veh1,T000001,130.8527,-32.9188,25.2248,0.9079,0.3098,13.6279,0.8390,41.6869,0,1,vehicle/track ended,skipped,,
16.7714,DAS,das1,veh1,T000001,130.2314,-32.9400,16.6320,-3.1075,0.3098,13.9510,0.8390,41.6869,0,1,vehicle/track ended,skipped,,
16.8106,DAS,das1,veh1,T000001,130.9874,-32.4826,22.4943,0.5442,0.3098,13.2745,0.8390,41.6869,0,1,vehicle/track ended,skipped,,
16.8502,DAS,das1,veh1,T000001,130.3427,-32.8650,18.9436,-2.6063,0.3098,13.1772,0.8390,41.6869,0,1,vehicle/track ended,skipped,,
16.8898,DAS,das1,veh1,T000001,131.0421,-33.0788,18.4732,-0.2967,0.3098,13.1711,0.8390,41.6869,0,1,vehicle/track ended,skipped,,
16.9290,DAS,das1,veh1,T000001,130.2284,-32.0909,32.6194,2.2598,0.3098,13.2904,0.8390,41.6869,0,1,vehicle/track ended,skipped,,
16.9684,DAS,das1,veh1,T000001,130.5974,-33.8085,44.6460,-1.3592,0.3098,13.2521,0.8390,41.6869,0,1,vehicle/track ended,skipped,,
